lifecycle_kind,campaign_id,symbol,raw_direction,started_at_utc,updated_at_utc,event_count,selected_by_pressure,max_reported_pressure_count,latest_pressure_level,campaign_anchor_source,campaign_anchor_execution_grade,legacy_grouping_rule_version,tradeplan_replay_status
RAW_REPLAY,legacy:NZDJPY:20260709T151513.958356Z:80aa2eb4bd576287,NZDJPY,BUY,2026-07-09T15:15:13.958356+00:00,2026-07-09T15:17:05.302436+00:00,2,True,4,MICROBOOST_WATCH,LEGACY_EPISODE,False,5scr.legacy-m15-gap.v1,NOT_EVALUATED_CLOSED_CANDLES_REQUIRED
RAW_REPLAY,legacy:NZDCHF:20260709T151514.474141Z:3196383a80d0eee0,NZDCHF,BUY,2026-07-09T15:15:14.474141+00:00,2026-07-09T15:16:43.606318+00:00,2,False,3,MICROBOOST_WATCH,LEGACY_EPISODE,False,5scr.legacy-m15-gap.v1,NOT_EVALUATED_CLOSED_CANDLES_REQUIRED
RAW_REPLAY,legacy:GBPAUD:20260709T151636.557952Z:a6249bb34e90076c,GBPAUD,BUY,2026-07-09T15:16:36.557952+00:00,2026-07-09T15:16:36.557952+00:00,1,False,1,MICROBOOST_WATCH,LEGACY_EPISODE,False,5scr.legacy-m15-gap.v1,NOT_EVALUATED_CLOSED_CANDLES_REQUIRED
RAW_REPLAY,legacy:GBPCAD:20260709T151637.089088Z:c1a29ec1f92039c5,GBPCAD,BUY,2026-07-09T15:16:37.089088+00:00,2026-07-09T15:16:37.089088+00:00,1,False,1,MICROBOOST_WATCH,LEGACY_EPISODE,False,5scr.legacy-m15-gap.v1,NOT_EVALUATED_CLOSED_CANDLES_REQUIRED
RAW_REPLAY,legacy:NZDCAD:20260709T151645.804041Z:5e553477b20b6de3,NZDCAD,BUY,2026-07-09T15:16:45.804041+00:00,2026-07-09T15:16:45.804041+00:00,1,False,1,MICROBOOST_WATCH,LEGACY_EPISODE,False,5scr.legacy-m15-gap.v1,NOT_EVALUATED_CLOSED_CANDLES_REQUIRED
RAW_REPLAY,legacy:NZDUSD:20260709T151701.485997Z:dd102e6f4a0ef37e,NZDUSD,BUY,2026-07-09T15:17:01.485997+00:00,2026-07-09T15:17:01.485997+00:00,1,False,1,MICROBOOST_WATCH,LEGACY_EPISODE,False,5scr.legacy-m15-gap.v1,NOT_EVALUATED_CLOSED_CANDLES_REQUIRED
RAW_REPLAY,legacy:NZDUSD:20260709T154149.508015Z:88f948d62b820c42,NZDUSD,BUY,2026-07-09T15:41:49.508015+00:00,2026-07-09T15:47:54.418906+00:00,2,False,3,PRESSURE_CANARY,LEGACY_EPISODE,False,5scr.legacy-m15-gap.v1,NOT_EVALUATED_CLOSED_CANDLES_REQUIRED
RAW_REPLAY,legacy:GBPCAD:20260709T154158.988093Z:c4da78b4cff74292,GBPCAD,BUY,2026-07-09T15:41:58.988093+00:00,2026-07-09T15:41:58.988093+00:00,1,False,3,PRESSURE_CANARY,LEGACY_EPISODE,False,5scr.legacy-m15-gap.v1,NOT_EVALUATED_CLOSED_CANDLES_REQUIRED
RAW_REPLAY,legacy:NZDCAD:20260709T154206.856933Z:27fbcb980143d4be,NZDCAD,BUY,2026-07-09T15:42:06.856933+00:00,2026-07-09T15:42:06.856933+00:00,1,False,3,PRESSURE_CANARY,LEGACY_EPISODE,False,5scr.legacy-m15-gap.v1,NOT_EVALUATED_CLOSED_CANDLES_REQUIRED
RAW_REPLAY,legacy:EURUSD:20260709T220044.475964Z:7705e796a138258f,EURUSD,BUY,2026-07-09T22:00:44.475964+00:00,2026-07-09T22:32:02.413982+00:00,16,False,90,PRESSURE_CANARY,LEGACY_EPISODE,False,5scr.legacy-m15-gap.v1,NOT_EVALUATED_CLOSED_CANDLES_REQUIRED
RAW_REPLAY,legacy:EURUSD:20260710T030738.437911Z:8bef62d07309f542,EURUSD,BUY,2026-07-10T03:07:38.437911+00:00,2026-07-10T03:09:02.403890+00:00,2,False,3,MICROBOOST_WATCH,LEGACY_EPISODE,False,5scr.legacy-m15-gap.v1,NOT_EVALUATED_CLOSED_CANDLES_REQUIRED
RAW_REPLAY,legacy:NZDCAD:20260710T030802.815908Z:5b6db4ab3e894e8f,NZDCAD,BUY,2026-07-10T03:08:02.815908+00:00,2026-07-10T03:09:26.290184+00:00,2,False,3,MICROBOOST_WATCH,LEGACY_EPISODE,False,5scr.legacy-m15-gap.v1,NOT_EVALUATED_CLOSED_CANDLES_REQUIRED
RAW_REPLAY,legacy:CADJPY:20260710T030803.420274Z:f3e0d5e35fe4ccdf,CADJPY,SELL,2026-07-10T03:08:03.420274+00:00,2026-07-10T03:08:03.420274+00:00,1,True,3,PRESSURE_CANARY,LEGACY_EPISODE,False,5scr.legacy-m15-gap.v1,NOT_EVALUATED_CLOSED_CANDLES_REQUIRED
RAW_REPLAY,legacy:CHFJPY:20260710T030805.550460Z:cad59091d25e8a82,CHFJPY,BUY,2026-07-10T03:08:05.550460+00:00,2026-07-10T03:09:03.411206+00:00,3,True,3,MICROBOOST_WATCH,LEGACY_EPISODE,False,5scr.legacy-m15-gap.v1,NOT_EVALUATED_CLOSED_CANDLES_REQUIRED
RAW_REPLAY,legacy:AUDUSD:20260710T030844.687000Z:a227eadce1f090ca,AUDUSD,BUY,2026-07-10T03:08:44.687000+00:00,2026-07-10T03:08:44.687000+00:00,1,False,3,PRESSURE_CANARY,LEGACY_EPISODE,False,5scr.legacy-m15-gap.v1,NOT_EVALUATED_CLOSED_CANDLES_REQUIRED
RAW_REPLAY,legacy:NZDUSD:20260710T030846.750743Z:bfbd23c133fd6651,NZDUSD,BUY,2026-07-10T03:08:46.750743+00:00,2026-07-10T03:08:46.750743+00:00,1,False,3,PRESSURE_CANARY,LEGACY_EPISODE,False,5scr.legacy-m15-gap.v1,NOT_EVALUATED_CLOSED_CANDLES_REQUIRED
RAW_REPLAY,legacy:GBPJPY:20260710T030853.119123Z:c65d67679e284802,GBPJPY,BUY,2026-07-10T03:08:53.119123+00:00,2026-07-10T03:08:53.119123+00:00,1,False,9,MICROBOOST_WATCH,LEGACY_EPISODE,False,5scr.legacy-m15-gap.v1,NOT_EVALUATED_CLOSED_CANDLES_REQUIRED
RAW_REPLAY,legacy:GBPUSD:20260710T030901.070722Z:779a7ae0c8bae4fe,GBPUSD,BUY,2026-07-10T03:09:01.070722+00:00,2026-07-10T03:09:01.070722+00:00,1,False,1,MICROBOOST_WATCH,LEGACY_EPISODE,False,5scr.legacy-m15-gap.v1,NOT_EVALUATED_CLOSED_CANDLES_REQUIRED
RAW_REPLAY,legacy:NZDJPY:20260710T030901.396851Z:9eaa7f5bfddd238c,NZDJPY,BUY,2026-07-10T03:09:01.396851+00:00,2026-07-10T03:09:01.396851+00:00,1,False,1,MICROBOOST_WATCH,LEGACY_EPISODE,False,5scr.legacy-m15-gap.v1,NOT_EVALUATED_CLOSED_CANDLES_REQUIRED
RAW_REPLAY,legacy:AUDCAD:20260710T030913.600830Z:77c06e5cc94804b7,AUDCAD,BUY,2026-07-10T03:09:13.600830+00:00,2026-07-10T03:09:13.600830+00:00,1,False,2,MICROBOOST_WATCH,LEGACY_EPISODE,False,5scr.legacy-m15-gap.v1,NOT_EVALUATED_CLOSED_CANDLES_REQUIRED
RAW_REPLAY,legacy:EURJPY:20260710T032714.843581Z:3809a4a5571d89d8,EURJPY,SELL,2026-07-10T03:27:14.843581+00:00,2026-07-10T03:40:35.785479+00:00,9,False,1,MICROBOOST_WATCH,LEGACY_EPISODE,False,5scr.legacy-m15-gap.v1,NOT_EVALUATED_CLOSED_CANDLES_REQUIRED
RAW_REPLAY,legacy:NZDJPY:20260710T032730.916452Z:a9651235a6b98ae9,NZDJPY,BUY,2026-07-10T03:27:30.916452+00:00,2026-07-10T03:41:23.185535+00:00,10,False,3,MICROBOOST_WATCH,LEGACY_EPISODE,False,5scr.legacy-m15-gap.v1,NOT_EVALUATED_CLOSED_CANDLES_REQUIRED
RAW_REPLAY,legacy:NZDCHF:20260710T032731.394927Z:6385a1d77f57407e,NZDCHF,BUY,2026-07-10T03:27:31.394927+00:00,2026-07-10T03:40:44.700736+00:00,10,False,3,MICROBOOST_WATCH,LEGACY_EPISODE,False,5scr.legacy-m15-gap.v1,NOT_EVALUATED_CLOSED_CANDLES_REQUIRED
RAW_REPLAY,legacy:NZDCAD:20260710T032733.658380Z:a88f39ec8718a42f,NZDCAD,BUY,2026-07-10T03:27:33.658380+00:00,2026-07-10T03:49:07.415606+00:00,12,True,3,PRESSURE_CANARY,LEGACY_EPISODE,False,5scr.legacy-m15-gap.v1,NOT_EVALUATED_CLOSED_CANDLES_REQUIRED
RAW_REPLAY,legacy:CADJPY:20260710T032733.694597Z:a04d4f5f1a7e8732,CADJPY,SELL,2026-07-10T03:27:33.694597+00:00,2026-07-10T03:42:18.442635+00:00,11,False,3,MICROBOOST_WATCH,LEGACY_EPISODE,False,5scr.legacy-m15-gap.v1,NOT_EVALUATED_CLOSED_CANDLES_REQUIRED
RAW_REPLAY,legacy:GBPJPY:20260710T032801.340954Z:888466651b159763,GBPJPY,BUY,2026-07-10T03:28:01.340954+00:00,2026-07-10T03:28:01.340954+00:00,1,False,1,MICROBOOST_WATCH,LEGACY_EPISODE,False,5scr.legacy-m15-gap.v1,NOT_EVALUATED_CLOSED_CANDLES_REQUIRED
RAW_REPLAY,legacy:GBPCHF:20260710T032809.836851Z:c7b7ffd75c85c368,GBPCHF,BUY,2026-07-10T03:28:09.836851+00:00,2026-07-10T03:28:09.836851+00:00,1,False,1,MICROBOOST_WATCH,LEGACY_EPISODE,False,5scr.legacy-m15-gap.v1,NOT_EVALUATED_CLOSED_CANDLES_REQUIRED
RAW_REPLAY,legacy:GBPAUD:20260710T032810.977419Z:446089e33fb2d01e,GBPAUD,BUY,2026-07-10T03:28:10.977419+00:00,2026-07-10T03:28:10.977419+00:00,1,False,1,MICROBOOST_WATCH,LEGACY_EPISODE,False,5scr.legacy-m15-gap.v1,NOT_EVALUATED_CLOSED_CANDLES_REQUIRED
RAW_REPLAY,legacy:AUDJPY:20260710T033011.044291Z:927239818c1508af,AUDJPY,SELL,2026-07-10T03:30:11.044291+00:00,2026-07-10T03:41:11.975761+00:00,9,False,1,MICROBOOST_WATCH,LEGACY_EPISODE,False,5scr.legacy-m15-gap.v1,NOT_EVALUATED_CLOSED_CANDLES_REQUIRED
RAW_REPLAY,legacy:AUDCHF:20260710T060015.945424Z:7eec872669e29287,AUDCHF,SELL,2026-07-10T06:00:15.945424+00:00,2026-07-10T06:14:59.189844+00:00,11,False,3,MICROBOOST_WATCH,LEGACY_EPISODE,False,5scr.legacy-m15-gap.v1,NOT_EVALUATED_CLOSED_CANDLES_REQUIRED
RAW_REPLAY,legacy:NZDJPY:20260710T060016.347005Z:043615921aeabb18,NZDJPY,BUY,2026-07-10T06:00:16.347005+00:00,2026-07-10T06:15:24.138300+00:00,12,True,3,MICROBOOST_WATCH,LEGACY_EPISODE,False,5scr.legacy-m15-gap.v1,NOT_EVALUATED_CLOSED_CANDLES_REQUIRED
RAW_REPLAY,legacy:NZDCHF:20260710T060016.938353Z:e695bf33f726c059,NZDCHF,BUY,2026-07-10T06:00:16.938353+00:00,2026-07-10T06:15:25.522811+00:00,11,False,3,MICROBOOST_WATCH,LEGACY_EPISODE,False,5scr.legacy-m15-gap.v1,NOT_EVALUATED_CLOSED_CANDLES_REQUIRED
RAW_REPLAY,legacy:NZDCAD:20260710T060018.899225Z:afbd15a9cb32bff9,NZDCAD,BUY,2026-07-10T06:00:18.899225+00:00,2026-07-10T06:15:02.461003+00:00,18,True,3,MICROBOOST_WATCH,LEGACY_EPISODE,False,5scr.legacy-m15-gap.v1,NOT_EVALUATED_CLOSED_CANDLES_REQUIRED
RAW_REPLAY,legacy:CADJPY:20260710T060019.385707Z:5c0084c700e801da,CADJPY,SELL,2026-07-10T06:00:19.385707+00:00,2026-07-10T06:00:19.385707+00:00,1,False,3,PRESSURE_CANARY,LEGACY_EPISODE,False,5scr.legacy-m15-gap.v1,NOT_EVALUATED_CLOSED_CANDLES_REQUIRED
RAW_REPLAY,legacy:CHFJPY:20260710T060021.885964Z:a4aec6db3e97e52d,CHFJPY,SELL,2026-07-10T06:00:21.885964+00:00,2026-07-10T06:15:50.186681+00:00,11,False,3,MICROBOOST_WATCH,LEGACY_EPISODE,False,5scr.legacy-m15-gap.v1,NOT_EVALUATED_CLOSED_CANDLES_REQUIRED
RAW_REPLAY,legacy:AUDJPY:20260710T060113.508192Z:cc385d785749dd98,AUDJPY,SELL,2026-07-10T06:01:13.508192+00:00,2026-07-10T06:14:56.326795+00:00,10,False,3,MICROBOOST_WATCH,LEGACY_EPISODE,False,5scr.legacy-m15-gap.v1,NOT_EVALUATED_CLOSED_CANDLES_REQUIRED
RAW_REPLAY,legacy:NZDCHF:20260710T071236.032891Z:c9ce37dba179bf59,NZDCHF,BUY,2026-07-10T07:12:36.032891+00:00,2026-07-10T08:00:43.122487+00:00,39,True,5,PRESSURE_CANARY,LEGACY_EPISODE,False,5scr.legacy-m15-gap.v1,NOT_EVALUATED_CLOSED_CANDLES_REQUIRED
RAW_REPLAY,legacy:CHFJPY:20260710T081514.854158Z:bd6401b287c40d52,CHFJPY,SELL,2026-07-10T08:15:14.854158+00:00,2026-07-10T08:26:54.369255+00:00,10,False,129,MICROBOOST_WATCH,LEGACY_EPISODE,False,5scr.legacy-m15-gap.v1,NOT_EVALUATED_CLOSED_CANDLES_REQUIRED
RAW_REPLAY,legacy:AUDJPY:20260710T082727.850654Z:3251e02db0c2c248,AUDJPY,SELL,2026-07-10T08:27:27.850654+00:00,2026-07-10T08:42:32.441170+00:00,12,False,3,MICROBOOST_WATCH,LEGACY_EPISODE,False,5scr.legacy-m15-gap.v1,NOT_EVALUATED_CLOSED_CANDLES_REQUIRED
RAW_REPLAY,legacy:NZDCAD:20260710T082733.600161Z:7a11dbd88f24faa2,NZDCAD,BUY,2026-07-10T08:27:33.600161+00:00,2026-07-10T08:42:56.221315+00:00,12,False,3,MICROBOOST_WATCH,LEGACY_EPISODE,False,5scr.legacy-m15-gap.v1,NOT_EVALUATED_CLOSED_CANDLES_REQUIRED
RAW_REPLAY,legacy:NZDJPY:20260710T082900.263457Z:6225473ef309fea2,NZDJPY,BUY,2026-07-10T08:29:00.263457+00:00,2026-07-10T08:42:33.577764+00:00,11,False,1,MICROBOOST_WATCH,LEGACY_EPISODE,False,5scr.legacy-m15-gap.v1,NOT_EVALUATED_CLOSED_CANDLES_REQUIRED
RAW_REPLAY,legacy:EURJPY:20260710T082901.330188Z:4e446d57a058a032,EURJPY,SELL,2026-07-10T08:29:01.330188+00:00,2026-07-10T08:43:51.278507+00:00,12,False,1,MICROBOOST_WATCH,LEGACY_EPISODE,False,5scr.legacy-m15-gap.v1,NOT_EVALUATED_CLOSED_CANDLES_REQUIRED
RAW_REPLAY,legacy:NZDUSD:20260710T082902.934253Z:6d5cc8c56cdc3db4,NZDUSD,BUY,2026-07-10T08:29:02.934253+00:00,2026-07-10T08:42:44.881110+00:00,11,False,1,MICROBOOST_WATCH,LEGACY_EPISODE,False,5scr.legacy-m15-gap.v1,NOT_EVALUATED_CLOSED_CANDLES_REQUIRED
RAW_REPLAY,legacy:NZDCHF:20260710T082904.740328Z:f8e3ec10798f9078,NZDCHF,BUY,2026-07-10T08:29:04.740328+00:00,2026-07-10T08:42:33.917298+00:00,11,False,1,MICROBOOST_WATCH,LEGACY_EPISODE,False,5scr.legacy-m15-gap.v1,NOT_EVALUATED_CLOSED_CANDLES_REQUIRED
RAW_REPLAY,legacy:CADJPY:20260710T082904.884219Z:10e5b6bcc3ca928c,CADJPY,SELL,2026-07-10T08:29:04.884219+00:00,2026-07-10T08:42:35.906013+00:00,11,False,1,MICROBOOST_WATCH,LEGACY_EPISODE,False,5scr.legacy-m15-gap.v1,NOT_EVALUATED_CLOSED_CANDLES_REQUIRED
RAW_REPLAY,legacy:NZDJPY:20260710T091738.918491Z:b68cafa06170d5b5,NZDJPY,BUY,2026-07-10T09:17:38.918491+00:00,2026-07-10T09:17:38.918491+00:00,1,True,3,PRESSURE_CANARY,LEGACY_EPISODE,False,5scr.legacy-m15-gap.v1,NOT_EVALUATED_CLOSED_CANDLES_REQUIRED
RAW_REPLAY,legacy:NZDCHF:20260710T091739.686251Z:8fcc5e1d5161a7b1,NZDCHF,BUY,2026-07-10T09:17:39.686251+00:00,2026-07-10T09:27:52.756167+00:00,5,True,3,PRESSURE_CANARY,LEGACY_EPISODE,False,5scr.legacy-m15-gap.v1,NOT_EVALUATED_CLOSED_CANDLES_REQUIRED
RAW_REPLAY,legacy:CADJPY:20260710T091741.930602Z:e7d5c09096908b2f,CADJPY,SELL,2026-07-10T09:17:41.930602+00:00,2026-07-10T09:19:12.819308+00:00,2,False,3,PRESSURE_CANARY,LEGACY_EPISODE,False,5scr.legacy-m15-gap.v1,NOT_EVALUATED_CLOSED_CANDLES_REQUIRED
RAW_REPLAY,legacy:NZDCAD:20260710T091909.175215Z:de9c55cfbef38ecb,NZDCAD,BUY,2026-07-10T09:19:09.175215+00:00,2026-07-10T09:20:05.076085+00:00,2,True,3,PRESSURE_CANARY,LEGACY_EPISODE,False,5scr.legacy-m15-gap.v1,NOT_EVALUATED_CLOSED_CANDLES_REQUIRED
RAW_REPLAY,legacy:NZDCAD:20260710T093604.999667Z:824a34a1e9d57e54,NZDCAD,BUY,2026-07-10T09:36:04.999667+00:00,2026-07-10T09:47:19.710555+00:00,10,True,4,PRESSURE_CANARY,LEGACY_EPISODE,False,5scr.legacy-m15-gap.v1,NOT_EVALUATED_CLOSED_CANDLES_REQUIRED
RAW_REPLAY,legacy:NZDCHF:20260710T094848.566368Z:dd8645b8f5cd9b37,NZDCHF,BUY,2026-07-10T09:48:48.566368+00:00,2026-07-10T09:58:28.588714+00:00,9,True,8,PRESSURE_CANARY,LEGACY_EPISODE,False,5scr.legacy-m15-gap.v1,NOT_EVALUATED_CLOSED_CANDLES_REQUIRED
RAW_REPLAY,legacy:NZDJPY:20260710T134519.443195Z:d61e8b440017b5dd,NZDJPY,BUY,2026-07-10T13:45:19.443195+00:00,2026-07-10T14:09:09.027534+00:00,17,False,3,MICROBOOST_WATCH,LEGACY_EPISODE,False,5scr.legacy-m15-gap.v1,NOT_EVALUATED_CLOSED_CANDLES_REQUIRED
RAW_REPLAY,legacy:NZDCHF:20260710T134519.887050Z:da32278ebf4f601b,NZDCHF,BUY,2026-07-10T13:45:19.887050+00:00,2026-07-10T13:55:17.692114+00:00,7,False,1,MICROBOOST_WATCH,LEGACY_EPISODE,False,5scr.legacy-m15-gap.v1,NOT_EVALUATED_CLOSED_CANDLES_REQUIRED
RAW_REPLAY,legacy:CADJPY:20260710T134522.480281Z:dd4c9d2a76da067a,CADJPY,SELL,2026-07-10T13:45:22.480281+00:00,2026-07-10T14:26:49.104140+00:00,32,True,3,MICROBOOST_WATCH,LEGACY_EPISODE,False,5scr.legacy-m15-gap.v1,NOT_EVALUATED_CLOSED_CANDLES_REQUIRED
RAW_REPLAY,legacy:EURUSD:20260710T134527.426427Z:d7f7a579672cfe7e,EURUSD,BUY,2026-07-10T13:45:27.426427+00:00,2026-07-10T14:09:22.397378+00:00,16,False,1,MICROBOOST_WATCH,LEGACY_EPISODE,False,5scr.legacy-m15-gap.v1,NOT_EVALUATED_CLOSED_CANDLES_REQUIRED
RAW_REPLAY,legacy:USDJPY:20260710T134534.102987Z:acb58b59de5ece2f,USDJPY,SELL,2026-07-10T13:45:34.102987+00:00,2026-07-10T14:09:22.681984+00:00,10,False,1,MICROBOOST_WATCH,LEGACY_EPISODE,False,5scr.legacy-m15-gap.v1,NOT_EVALUATED_CLOSED_CANDLES_REQUIRED
RAW_REPLAY,legacy:NZDUSD:20260710T135631.153813Z:44da81ae3947761e,NZDUSD,BUY,2026-07-10T13:56:31.153813+00:00,2026-07-10T14:50:17.452556+00:00,31,False,1,MICROBOOST_WATCH,LEGACY_EPISODE,False,5scr.legacy-m15-gap.v1,NOT_EVALUATED_CLOSED_CANDLES_REQUIRED
RAW_REPLAY,legacy:NZDCHF:20260710T141100.153390Z:6d2787325ea6f442,NZDCHF,BUY,2026-07-10T14:11:00.153390+00:00,2026-07-10T14:50:39.285069+00:00,22,False,1,MICROBOOST_WATCH,LEGACY_EPISODE,False,5scr.legacy-m15-gap.v1,NOT_EVALUATED_CLOSED_CANDLES_REQUIRED
RAW_REPLAY,legacy:NZDCAD:20260710T143442.060003Z:0b6284dfcb9170f6,NZDCAD,BUY,2026-07-10T14:34:42.060003+00:00,2026-07-10T14:50:41.938475+00:00,13,True,6,MICROBOOST_WATCH,LEGACY_EPISODE,False,5scr.legacy-m15-gap.v1,NOT_EVALUATED_CLOSED_CANDLES_REQUIRED
RAW_REPLAY,legacy:GBPCAD:20260710T143604.471521Z:d907d6ea48bb9735,GBPCAD,BUY,2026-07-10T14:36:04.471521+00:00,2026-07-10T14:50:28.123539+00:00,10,False,1,MICROBOOST_WATCH,LEGACY_EPISODE,False,5scr.legacy-m15-gap.v1,NOT_EVALUATED_CLOSED_CANDLES_REQUIRED
RAW_REPLAY,legacy:EURUSD:20260710T143701.588012Z:0ef8cda65979538f,EURUSD,BUY,2026-07-10T14:37:01.588012+00:00,2026-07-10T14:44:31.345080+00:00,5,False,1,MICROBOOST_WATCH,LEGACY_EPISODE,False,5scr.legacy-m15-gap.v1,NOT_EVALUATED_CLOSED_CANDLES_REQUIRED
RAW_REPLAY,legacy:NZDCHF:20260710T154212.522818Z:1b49dd08cacb6a89,NZDCHF,BUY,2026-07-10T15:42:12.522818+00:00,2026-07-10T15:43:43.076697+00:00,2,False,3,PRESSURE_CANARY,LEGACY_EPISODE,False,5scr.legacy-m15-gap.v1,NOT_EVALUATED_CLOSED_CANDLES_REQUIRED
RAW_REPLAY,legacy:GBPCAD:20260710T154335.937990Z:3ea023801e6de8ea,GBPCAD,BUY,2026-07-10T15:43:35.937990+00:00,2026-07-10T15:43:35.937990+00:00,1,False,3,PRESSURE_CANARY,LEGACY_EPISODE,False,5scr.legacy-m15-gap.v1,NOT_EVALUATED_CLOSED_CANDLES_REQUIRED
RAW_REPLAY,legacy:NZDCHF:20260710T161446.403373Z:8a9750b975c34ce3,NZDCHF,BUY,2026-07-10T16:14:46.403373+00:00,2026-07-10T16:16:04.970161+00:00,2,False,3,MICROBOOST_WATCH,LEGACY_EPISODE,False,5scr.legacy-m15-gap.v1,NOT_EVALUATED_CLOSED_CANDLES_REQUIRED
RAW_REPLAY,legacy:GBPJPY:20260710T161604.832650Z:1c0c009f193a5b54,GBPJPY,SELL,2026-07-10T16:16:04.832650+00:00,2026-07-10T16:30:11.828764+00:00,10,False,1,MICROBOOST_WATCH,LEGACY_EPISODE,False,5scr.legacy-m15-gap.v1,NOT_EVALUATED_CLOSED_CANDLES_REQUIRED
RAW_REPLAY,legacy:GBPAUD:20260710T161607.739540Z:7388759ad019693c,GBPAUD,SELL,2026-07-10T16:16:07.739540+00:00,2026-07-10T16:30:12.372193+00:00,11,True,3,MICROBOOST_WATCH,LEGACY_EPISODE,False,5scr.legacy-m15-gap.v1,NOT_EVALUATED_CLOSED_CANDLES_REQUIRED
RAW_REPLAY,legacy:XAUUSD:20260710T161802.695280Z:0078f2cfe2eca9e3,XAUUSD,BUY,2026-07-10T16:18:02.695280+00:00,2026-07-10T16:29:54.517844+00:00,9,False,1,MICROBOOST_WATCH,LEGACY_EPISODE,False,5scr.legacy-m15-gap.v1,NOT_EVALUATED_CLOSED_CANDLES_REQUIRED
RAW_REPLAY,legacy:NZDCAD:20260710T161808.819160Z:ef8c25711c034cc9,NZDCAD,BUY,2026-07-10T16:18:08.819160+00:00,2026-07-10T16:30:23.578327+00:00,9,False,1,MICROBOOST_WATCH,LEGACY_EPISODE,False,5scr.legacy-m15-gap.v1,NOT_EVALUATED_CLOSED_CANDLES_REQUIRED
RAW_REPLAY,legacy:AUDCHF:20260712T220014.668103Z:40d903c38df6e83d,AUDCHF,BUY,2026-07-12T22:00:14.668103+00:00,2026-07-12T22:00:14.668103+00:00,1,True,3,PRESSURE_CANARY,LEGACY_EPISODE,False,5scr.legacy-m15-gap.v1,NOT_EVALUATED_CLOSED_CANDLES_REQUIRED
RAW_REPLAY,legacy:CADJPY:20260713T044341.331454Z:a6ffe03485f86d2c,CADJPY,BUY,2026-07-13T04:43:41.331454+00:00,2026-07-13T04:57:04.581267+00:00,11,False,3,MICROBOOST_WATCH,LEGACY_EPISODE,False,5scr.legacy-m15-gap.v1,NOT_EVALUATED_CLOSED_CANDLES_REQUIRED
RAW_REPLAY,legacy:AUDCHF:20260713T050316.068946Z:f4e3576f7019e459,AUDCHF,BUY,2026-07-13T05:03:16.068946+00:00,2026-07-13T05:03:16.068946+00:00,1,True,3,PRESSURE_CANARY,LEGACY_EPISODE,False,5scr.legacy-m15-gap.v1,NOT_EVALUATED_CLOSED_CANDLES_REQUIRED
RAW_REPLAY,legacy:CADJPY:20260713T052115.418851Z:ce68bfa63f1f56c6,CADJPY,BUY,2026-07-13T05:21:15.418851+00:00,2026-07-13T05:36:37.191792+00:00,12,False,3,MICROBOOST_WATCH,LEGACY_EPISODE,False,5scr.legacy-m15-gap.v1,NOT_EVALUATED_CLOSED_CANDLES_REQUIRED
RAW_REPLAY,CADCHF_20260716T212411Z_20260716T212911Z,CADCHF,BUY,2026-07-16T23:24:08.967776+00:00,2026-07-16T23:24:08.967776+00:00,1,False,3,PRESSURE_CANARY,SOURCE_CLEAN_BLOCK_ID,True,,NOT_EVALUATED_CLOSED_CANDLES_REQUIRED
RAW_REPLAY,CHFJPY_20260716T212451Z_20260716T212951Z,CHFJPY,BUY,2026-07-16T23:24:50.263608+00:00,2026-07-16T23:24:50.263608+00:00,1,False,3,PRESSURE_CANARY,SOURCE_CLEAN_BLOCK_ID,True,,NOT_EVALUATED_CLOSED_CANDLES_REQUIRED
RAW_REPLAY,CHFJPY_20260716T212851Z_20260716T213351Z,CHFJPY,BUY,2026-07-16T23:28:51.446311+00:00,2026-07-16T23:28:51.446311+00:00,1,False,3,PRESSURE_CANARY,SOURCE_CLEAN_BLOCK_ID,True,,NOT_EVALUATED_CLOSED_CANDLES_REQUIRED
RAW_REPLAY,CHFJPY_20260716T213042Z_20260716T213542Z,CHFJPY,BUY,2026-07-16T23:30:38.633438+00:00,2026-07-16T23:30:38.633438+00:00,1,False,3,PRESSURE_CANARY,SOURCE_CLEAN_BLOCK_ID,True,,NOT_EVALUATED_CLOSED_CANDLES_REQUIRED
RAW_REPLAY,XAUUSD_20260716T220535Z_20260716T221035Z,XAUUSD,SELL,2026-07-16T23:32:31.762014+00:00,2026-07-17T00:04:45.395635+00:00,4,False,3,PRESSURE_CANARY,SOURCE_CLEAN_BLOCK_ID,True,,NOT_EVALUATED_CLOSED_CANDLES_REQUIRED
RAW_REPLAY,CADCHF_20260716T213241Z_20260716T213741Z,CADCHF,BUY,2026-07-16T23:32:38.434483+00:00,2026-07-16T23:32:38.434483+00:00,1,False,3,PRESSURE_CANARY,SOURCE_CLEAN_BLOCK_ID,True,,NOT_EVALUATED_CLOSED_CANDLES_REQUIRED
RAW_REPLAY,CHFJPY_20260716T213241Z_20260716T213741Z,CHFJPY,BUY,2026-07-16T23:32:38.694872+00:00,2026-07-16T23:32:38.694872+00:00,1,False,3,PRESSURE_CANARY,SOURCE_CLEAN_BLOCK_ID,True,,NOT_EVALUATED_CLOSED_CANDLES_REQUIRED
RAW_REPLAY,CADCHF_20260716T215408Z_20260716T215908Z,CADCHF,BUY,2026-07-16T23:54:07.985254+00:00,2026-07-16T23:54:07.985254+00:00,1,False,3,PRESSURE_CANARY,SOURCE_CLEAN_BLOCK_ID,True,,NOT_EVALUATED_CLOSED_CANDLES_REQUIRED
RAW_REPLAY,CHFJPY_20260716T215946Z_20260716T220446Z,CHFJPY,BUY,2026-07-16T23:59:41.307236+00:00,2026-07-16T23:59:41.307236+00:00,1,False,3,PRESSURE_CANARY,SOURCE_CLEAN_BLOCK_ID,True,,NOT_EVALUATED_CLOSED_CANDLES_REQUIRED
RAW_REPLAY,CADCHF_20260716T220031Z_20260716T220531Z,CADCHF,BUY,2026-07-17T00:00:25.278953+00:00,2026-07-17T00:00:25.278953+00:00,1,False,3,PRESSURE_CANARY,SOURCE_CLEAN_BLOCK_ID,True,,NOT_EVALUATED_CLOSED_CANDLES_REQUIRED
RAW_REPLAY,CHFJPY_20260716T220257Z_20260716T220757Z,CHFJPY,BUY,2026-07-17T00:02:53.950077+00:00,2026-07-17T00:02:53.950077+00:00,1,False,3,PRESSURE_CANARY,SOURCE_CLEAN_BLOCK_ID,True,,NOT_EVALUATED_CLOSED_CANDLES_REQUIRED
RAW_REPLAY,CADCHF_20260716T220453Z_20260716T220953Z,CADCHF,BUY,2026-07-17T00:04:52.541362+00:00,2026-07-17T00:04:52.541362+00:00,1,False,3,PRESSURE_CANARY,SOURCE_CLEAN_BLOCK_ID,True,,NOT_EVALUATED_CLOSED_CANDLES_REQUIRED
RAW_REPLAY,CHFJPY_20260716T220558Z_20260716T221058Z,CHFJPY,BUY,2026-07-17T00:05:51.586133+00:00,2026-07-17T00:05:51.586133+00:00,1,False,3,PRESSURE_CANARY,SOURCE_CLEAN_BLOCK_ID,True,,NOT_EVALUATED_CLOSED_CANDLES_REQUIRED
RAW_REPLAY,XAUUSD_20260716T220835Z_20260716T221335Z,XAUUSD,SELL,2026-07-17T00:08:34.783731+00:00,2026-07-17T00:08:34.783731+00:00,1,False,3,PRESSURE_CANARY,SOURCE_CLEAN_BLOCK_ID,True,,NOT_EVALUATED_CLOSED_CANDLES_REQUIRED
RAW_REPLAY,CADCHF_20260716T220846Z_20260716T221346Z,CADCHF,BUY,2026-07-17T00:08:41.836720+00:00,2026-07-17T00:08:41.836720+00:00,1,False,3,PRESSURE_CANARY,SOURCE_CLEAN_BLOCK_ID,True,,NOT_EVALUATED_CLOSED_CANDLES_REQUIRED
RAW_REPLAY,CHFJPY_20260716T220846Z_20260716T221346Z,CHFJPY,BUY,2026-07-17T00:08:41.863184+00:00,2026-07-17T00:08:41.863184+00:00,1,False,3,PRESSURE_CANARY,SOURCE_CLEAN_BLOCK_ID,True,,NOT_EVALUATED_CLOSED_CANDLES_REQUIRED
RAW_REPLAY,CHFJPY_20260716T221004Z_20260716T221504Z,CHFJPY,BUY,2026-07-17T00:10:02.865484+00:00,2026-07-17T00:10:02.865484+00:00,1,False,3,PRESSURE_CANARY,SOURCE_CLEAN_BLOCK_ID,True,,NOT_EVALUATED_CLOSED_CANDLES_REQUIRED
RAW_REPLAY,XAUUSD_20260716T221036Z_20260716T221536Z,XAUUSD,SELL,2026-07-17T00:10:31.979414+00:00,2026-07-17T00:10:31.979414+00:00,1,False,3,PRESSURE_CANARY,SOURCE_CLEAN_BLOCK_ID,True,,NOT_EVALUATED_CLOSED_CANDLES_REQUIRED
RAW_REPLAY,CADCHF_20260716T221039Z_20260716T221539Z,CADCHF,BUY,2026-07-17T00:10:38.656773+00:00,2026-07-17T00:10:38.656773+00:00,1,False,3,PRESSURE_CANARY,SOURCE_CLEAN_BLOCK_ID,True,,NOT_EVALUATED_CLOSED_CANDLES_REQUIRED
RAW_REPLAY,CHFJPY_20260716T221530Z_20260716T222030Z,CHFJPY,BUY,2026-07-17T00:15:29.330661+00:00,2026-07-17T00:15:29.330661+00:00,1,False,3,PRESSURE_CANARY,SOURCE_CLEAN_BLOCK_ID,True,,NOT_EVALUATED_CLOSED_CANDLES_REQUIRED
RAW_REPLAY,XAUUSD_20260716T221614Z_20260716T222114Z,XAUUSD,SELL,2026-07-17T00:16:12.935503+00:00,2026-07-17T00:16:12.935503+00:00,1,False,3,PRESSURE_CANARY,SOURCE_CLEAN_BLOCK_ID,True,,NOT_EVALUATED_CLOSED_CANDLES_REQUIRED
RAW_REPLAY,CADCHF_20260716T221620Z_20260716T222120Z,CADCHF,BUY,2026-07-17T00:16:20.126868+00:00,2026-07-17T00:16:20.126868+00:00,1,False,3,PRESSURE_CANARY,SOURCE_CLEAN_BLOCK_ID,True,,NOT_EVALUATED_CLOSED_CANDLES_REQUIRED
RAW_REPLAY,CHFJPY_20260716T222058Z_20260716T222558Z,CHFJPY,BUY,2026-07-17T00:20:52.537201+00:00,2026-07-17T00:20:52.537201+00:00,1,False,3,PRESSURE_CANARY,SOURCE_CLEAN_BLOCK_ID,True,,NOT_EVALUATED_CLOSED_CANDLES_REQUIRED
RAW_REPLAY,XAUUSD_20260716T222556Z_20260716T223056Z,XAUUSD,SELL,2026-07-17T00:25:53.983301+00:00,2026-07-17T00:25:53.983301+00:00,1,False,3,PRESSURE_CANARY,SOURCE_CLEAN_BLOCK_ID,True,,NOT_EVALUATED_CLOSED_CANDLES_REQUIRED
RAW_REPLAY,CADCHF_20260716T222605Z_20260716T223105Z,CADCHF,BUY,2026-07-17T00:26:00.204012+00:00,2026-07-17T00:26:00.204012+00:00,1,False,3,PRESSURE_CANARY,SOURCE_CLEAN_BLOCK_ID,True,,NOT_EVALUATED_CLOSED_CANDLES_REQUIRED
RAW_REPLAY,CHFJPY_20260716T222700Z_20260716T223200Z,CHFJPY,BUY,2026-07-17T00:26:56.572109+00:00,2026-07-17T00:26:56.572109+00:00,1,False,3,PRESSURE_CANARY,SOURCE_CLEAN_BLOCK_ID,True,,NOT_EVALUATED_CLOSED_CANDLES_REQUIRED
RAW_REPLAY,XAUUSD_20260716T222757Z_20260716T223257Z,XAUUSD,SELL,2026-07-17T00:27:52.815139+00:00,2026-07-17T00:27:52.815139+00:00,1,False,3,PRESSURE_CANARY,SOURCE_CLEAN_BLOCK_ID,True,,NOT_EVALUATED_CLOSED_CANDLES_REQUIRED
RAW_REPLAY,CADCHF_20260716T222800Z_20260716T223300Z,CADCHF,BUY,2026-07-17T00:27:58.931031+00:00,2026-07-17T00:27:58.931031+00:00,1,False,3,PRESSURE_CANARY,SOURCE_CLEAN_BLOCK_ID,True,,NOT_EVALUATED_CLOSED_CANDLES_REQUIRED
RAW_REPLAY,XAUUSD_20260716T223315Z_20260716T223815Z,XAUUSD,SELL,2026-07-17T00:33:11.635071+00:00,2026-07-17T00:33:11.635071+00:00,1,False,3,PRESSURE_CANARY,SOURCE_CLEAN_BLOCK_ID,True,,NOT_EVALUATED_CLOSED_CANDLES_REQUIRED
RAW_REPLAY,CADCHF_20260716T223319Z_20260716T223819Z,CADCHF,BUY,2026-07-17T00:33:18.328860+00:00,2026-07-17T00:33:18.328860+00:00,1,False,3,PRESSURE_CANARY,SOURCE_CLEAN_BLOCK_ID,True,,NOT_EVALUATED_CLOSED_CANDLES_REQUIRED
RAW_REPLAY,CHFJPY_20260716T223319Z_20260716T223819Z,CHFJPY,BUY,2026-07-17T00:33:18.975111+00:00,2026-07-17T00:33:18.975111+00:00,1,False,3,PRESSURE_CANARY,SOURCE_CLEAN_BLOCK_ID,True,,NOT_EVALUATED_CLOSED_CANDLES_REQUIRED
RAW_REPLAY,CHFJPY_20260716T223446Z_20260716T223946Z,CHFJPY,BUY,2026-07-17T00:34:40.509186+00:00,2026-07-17T00:34:40.509186+00:00,1,False,3,PRESSURE_CANARY,SOURCE_CLEAN_BLOCK_ID,True,,NOT_EVALUATED_CLOSED_CANDLES_REQUIRED
RAW_REPLAY,CADCHF_20260716T223754Z_20260716T224254Z,CADCHF,BUY,2026-07-17T00:37:49.854894+00:00,2026-07-17T00:37:49.854894+00:00,1,False,3,PRESSURE_CANARY,SOURCE_CLEAN_BLOCK_ID,True,,NOT_EVALUATED_CLOSED_CANDLES_REQUIRED
RAW_REPLAY,CHFJPY_20260716T223916Z_20260716T224416Z,CHFJPY,BUY,2026-07-17T00:39:11.295147+00:00,2026-07-17T00:39:11.295147+00:00,1,False,3,PRESSURE_CANARY,SOURCE_CLEAN_BLOCK_ID,True,,NOT_EVALUATED_CLOSED_CANDLES_REQUIRED
RAW_REPLAY,CHFJPY_20260716T224445Z_20260716T224945Z,CHFJPY,BUY,2026-07-17T00:44:40.836546+00:00,2026-07-17T00:44:40.836546+00:00,1,False,3,PRESSURE_CANARY,SOURCE_CLEAN_BLOCK_ID,True,,NOT_EVALUATED_CLOSED_CANDLES_REQUIRED
RAW_REPLAY,XAUUSD_20260716T224541Z_20260716T225041Z,XAUUSD,SELL,2026-07-17T00:45:35.810497+00:00,2026-07-17T00:45:35.810497+00:00,1,False,3,PRESSURE_CANARY,SOURCE_CLEAN_BLOCK_ID,True,,NOT_EVALUATED_CLOSED_CANDLES_REQUIRED
RAW_REPLAY,CADCHF_20260716T224546Z_20260716T225046Z,CADCHF,BUY,2026-07-17T00:45:42.079491+00:00,2026-07-17T00:45:42.079491+00:00,1,False,3,PRESSURE_CANARY,SOURCE_CLEAN_BLOCK_ID,True,,NOT_EVALUATED_CLOSED_CANDLES_REQUIRED
RAW_REPLAY,XAUUSD_20260716T224708Z_20260716T225208Z,XAUUSD,SELL,2026-07-17T00:47:05.781901+00:00,2026-07-17T00:47:05.781901+00:00,1,False,3,PRESSURE_CANARY,SOURCE_CLEAN_BLOCK_ID,True,,NOT_EVALUATED_CLOSED_CANDLES_REQUIRED
RAW_REPLAY,CADCHF_20260716T224718Z_20260716T225218Z,CADCHF,BUY,2026-07-17T00:47:12.487895+00:00,2026-07-17T00:47:12.487895+00:00,1,False,3,PRESSURE_CANARY,SOURCE_CLEAN_BLOCK_ID,True,,NOT_EVALUATED_CLOSED_CANDLES_REQUIRED
RAW_REPLAY,CHFJPY_20260716T224713Z_20260716T225213Z,CHFJPY,BUY,2026-07-17T00:47:12.790778+00:00,2026-07-17T00:47:12.790778+00:00,1,False,3,PRESSURE_CANARY,SOURCE_CLEAN_BLOCK_ID,True,,NOT_EVALUATED_CLOSED_CANDLES_REQUIRED
RAW_REPLAY,XAUUSD_20260716T225107Z_20260716T225607Z,XAUUSD,SELL,2026-07-17T00:51:04.461235+00:00,2026-07-17T00:51:04.461235+00:00,1,False,3,PRESSURE_CANARY,SOURCE_CLEAN_BLOCK_ID,True,,NOT_EVALUATED_CLOSED_CANDLES_REQUIRED
RAW_REPLAY,CADCHF_20260716T225113Z_20260716T225613Z,CADCHF,BUY,2026-07-17T00:51:10.956757+00:00,2026-07-17T00:51:10.956757+00:00,1,False,3,PRESSURE_CANARY,SOURCE_CLEAN_BLOCK_ID,True,,NOT_EVALUATED_CLOSED_CANDLES_REQUIRED
RAW_REPLAY,CHFJPY_20260716T225115Z_20260716T225615Z,CHFJPY,BUY,2026-07-17T00:51:10.962042+00:00,2026-07-17T00:51:10.962042+00:00,1,False,3,PRESSURE_CANARY,SOURCE_CLEAN_BLOCK_ID,True,,NOT_EVALUATED_CLOSED_CANDLES_REQUIRED
RAW_REPLAY,XAUUSD_20260716T225308Z_20260716T225808Z,XAUUSD,SELL,2026-07-17T00:53:06.919959+00:00,2026-07-17T00:53:06.919959+00:00,1,False,3,PRESSURE_CANARY,SOURCE_CLEAN_BLOCK_ID,True,,NOT_EVALUATED_CLOSED_CANDLES_REQUIRED
RAW_REPLAY,CADCHF_20260716T225314Z_20260716T225814Z,CADCHF,BUY,2026-07-17T00:53:12.799210+00:00,2026-07-17T00:53:12.799210+00:00,1,False,3,PRESSURE_CANARY,SOURCE_CLEAN_BLOCK_ID,True,,NOT_EVALUATED_CLOSED_CANDLES_REQUIRED
RAW_REPLAY,CHFJPY_20260716T225814Z_20260716T230314Z,CHFJPY,BUY,2026-07-17T00:58:11.523943+00:00,2026-07-17T00:58:11.523943+00:00,1,False,3,PRESSURE_CANARY,SOURCE_CLEAN_BLOCK_ID,True,,NOT_EVALUATED_CLOSED_CANDLES_REQUIRED
RAW_REPLAY,CHFJPY_20260716T230057Z_20260716T230557Z,CHFJPY,BUY,2026-07-17T01:00:52.581155+00:00,2026-07-17T01:00:52.581155+00:00,1,False,3,PRESSURE_CANARY,SOURCE_CLEAN_BLOCK_ID,True,,NOT_EVALUATED_CLOSED_CANDLES_REQUIRED
RAW_REPLAY,CADCHF_20260716T230103Z_20260716T230603Z,CADCHF,BUY,2026-07-17T01:00:57.281195+00:00,2026-07-17T01:00:57.281195+00:00,1,False,3,PRESSURE_CANARY,SOURCE_CLEAN_BLOCK_ID,True,,NOT_EVALUATED_CLOSED_CANDLES_REQUIRED
RAW_REPLAY,CHFJPY_20260716T230218Z_20260716T230718Z,CHFJPY,BUY,2026-07-17T01:02:11.050544+00:00,2026-07-17T01:02:11.050544+00:00,1,False,1,MICROBOOST_WATCH,SOURCE_CLEAN_BLOCK_ID,True,,NOT_EVALUATED_CLOSED_CANDLES_REQUIRED
RAW_REPLAY,CADCHF_20260716T230217Z_20260716T230717Z,CADCHF,BUY,2026-07-17T01:02:15.602667+00:00,2026-07-17T01:02:15.602667+00:00,1,False,1,MICROBOOST_WATCH,SOURCE_CLEAN_BLOCK_ID,True,,NOT_EVALUATED_CLOSED_CANDLES_REQUIRED
RAW_REPLAY,CHFJPY_20260716T230330Z_20260716T230830Z,CHFJPY,BUY,2026-07-17T01:03:25.459834+00:00,2026-07-17T01:03:25.459834+00:00,1,False,2,MICROBOOST_WATCH,SOURCE_CLEAN_BLOCK_ID,True,,NOT_EVALUATED_CLOSED_CANDLES_REQUIRED
RAW_REPLAY,CADCHF_20260716T230337Z_20260716T230837Z,CADCHF,BUY,2026-07-17T01:03:31.131042+00:00,2026-07-17T01:03:31.131042+00:00,1,False,2,MICROBOOST_WATCH,SOURCE_CLEAN_BLOCK_ID,True,,NOT_EVALUATED_CLOSED_CANDLES_REQUIRED
RAW_REPLAY,CHFJPY_20260716T230445Z_20260716T230945Z,CHFJPY,BUY,2026-07-17T01:04:42.619968+00:00,2026-07-17T01:04:42.619968+00:00,1,False,10,MICROBOOST_WATCH,SOURCE_CLEAN_BLOCK_ID,True,,NOT_EVALUATED_CLOSED_CANDLES_REQUIRED
RAW_REPLAY,CADCHF_20260716T230451Z_20260716T230951Z,CADCHF,BUY,2026-07-17T01:04:47.285830+00:00,2026-07-17T01:04:47.285830+00:00,1,False,10,MICROBOOST_WATCH,SOURCE_CLEAN_BLOCK_ID,True,,NOT_EVALUATED_CLOSED_CANDLES_REQUIRED
RAW_REPLAY,CHFJPY_20260716T230602Z_20260716T231102Z,CHFJPY,BUY,2026-07-17T01:05:57.932712+00:00,2026-07-17T01:05:57.932712+00:00,1,False,3,MICROBOOST_WATCH,SOURCE_CLEAN_BLOCK_ID,True,,NOT_EVALUATED_CLOSED_CANDLES_REQUIRED
RAW_REPLAY,CADCHF_20260716T230609Z_20260716T231109Z,CADCHF,BUY,2026-07-17T01:06:02.573596+00:00,2026-07-17T01:06:02.573596+00:00,1,False,3,MICROBOOST_WATCH,SOURCE_CLEAN_BLOCK_ID,True,,NOT_EVALUATED_CLOSED_CANDLES_REQUIRED
RAW_REPLAY,CHFJPY_20260716T230714Z_20260716T231214Z,CHFJPY,BUY,2026-07-17T01:07:13.929805+00:00,2026-07-17T01:07:13.929805+00:00,1,False,7,MICROBOOST_WATCH,SOURCE_CLEAN_BLOCK_ID,True,,NOT_EVALUATED_CLOSED_CANDLES_REQUIRED
RAW_REPLAY,CADCHF_20260716T230721Z_20260716T231221Z,CADCHF,BUY,2026-07-17T01:07:18.803879+00:00,2026-07-17T01:07:18.803879+00:00,1,False,7,MICROBOOST_WATCH,SOURCE_CLEAN_BLOCK_ID,True,,NOT_EVALUATED_CLOSED_CANDLES_REQUIRED
RAW_REPLAY,CADCHF_20260716T230834Z_20260716T231334Z,CADCHF,BUY,2026-07-17T01:08:33.125664+00:00,2026-07-17T01:08:33.125664+00:00,1,False,2,MICROBOOST_WATCH,SOURCE_CLEAN_BLOCK_ID,True,,NOT_EVALUATED_CLOSED_CANDLES_REQUIRED
RAW_REPLAY,CHFJPY_20260716T230834Z_20260716T231334Z,CHFJPY,BUY,2026-07-17T01:08:33.853520+00:00,2026-07-17T01:08:33.853520+00:00,1,False,3,MICROBOOST_WATCH,SOURCE_CLEAN_BLOCK_ID,True,,NOT_EVALUATED_CLOSED_CANDLES_REQUIRED
RAW_REPLAY,CADCHF_20260716T230954Z_20260716T231454Z,CADCHF,BUY,2026-07-17T01:09:52.823508+00:00,2026-07-17T01:09:52.823508+00:00,1,False,6,MICROBOOST_WATCH,SOURCE_CLEAN_BLOCK_ID,True,,NOT_EVALUATED_CLOSED_CANDLES_REQUIRED
RAW_REPLAY,CHFJPY_20260716T230954Z_20260716T231454Z,CHFJPY,BUY,2026-07-17T01:09:52.908668+00:00,2026-07-17T01:09:52.908668+00:00,1,False,7,MICROBOOST_WATCH,SOURCE_CLEAN_BLOCK_ID,True,,NOT_EVALUATED_CLOSED_CANDLES_REQUIRED
RAW_REPLAY,CADCHF_20260716T231115Z_20260716T231615Z,CADCHF,BUY,2026-07-17T01:11:09.614595+00:00,2026-07-17T01:11:09.614595+00:00,1,False,5,MICROBOOST_WATCH,SOURCE_CLEAN_BLOCK_ID,True,,NOT_EVALUATED_CLOSED_CANDLES_REQUIRED
RAW_REPLAY,CHFJPY_20260716T231115Z_20260716T231615Z,CHFJPY,BUY,2026-07-17T01:11:09.681001+00:00,2026-07-17T01:11:09.681001+00:00,1,False,6,MICROBOOST_WATCH,SOURCE_CLEAN_BLOCK_ID,True,,NOT_EVALUATED_CLOSED_CANDLES_REQUIRED
RAW_REPLAY,CHFJPY_20260716T231230Z_20260716T231730Z,CHFJPY,BUY,2026-07-17T01:12:28.874180+00:00,2026-07-17T01:12:28.874180+00:00,1,False,2,MICROBOOST_WATCH,SOURCE_CLEAN_BLOCK_ID,True,,NOT_EVALUATED_CLOSED_CANDLES_REQUIRED
RAW_REPLAY,CADCHF_20260716T231229Z_20260716T231729Z,CADCHF,BUY,2026-07-17T01:12:28.885199+00:00,2026-07-17T01:12:28.885199+00:00,1,False,1,MICROBOOST_WATCH,SOURCE_CLEAN_BLOCK_ID,True,,NOT_EVALUATED_CLOSED_CANDLES_REQUIRED
RAW_REPLAY,CADCHF_20260716T231345Z_20260716T231845Z,CADCHF,BUY,2026-07-17T01:13:44.465990+00:00,2026-07-17T01:13:44.465990+00:00,1,False,1,MICROBOOST_WATCH,SOURCE_CLEAN_BLOCK_ID,True,,NOT_EVALUATED_CLOSED_CANDLES_REQUIRED
RAW_REPLAY,CHFJPY_20260716T231345Z_20260716T231845Z,CHFJPY,BUY,2026-07-17T01:13:44.500813+00:00,2026-07-17T01:13:44.500813+00:00,1,False,2,MICROBOOST_WATCH,SOURCE_CLEAN_BLOCK_ID,True,,NOT_EVALUATED_CLOSED_CANDLES_REQUIRED
RAW_REPLAY,CADCHF_20260716T231505Z_20260716T232005Z,CADCHF,BUY,2026-07-17T01:15:04.475315+00:00,2026-07-17T01:15:04.475315+00:00,1,False,8,MICROBOOST_WATCH,SOURCE_CLEAN_BLOCK_ID,True,,NOT_EVALUATED_CLOSED_CANDLES_REQUIRED
RAW_REPLAY,CHFJPY_20260716T231505Z_20260716T232005Z,CHFJPY,BUY,2026-07-17T01:15:04.642740+00:00,2026-07-17T01:15:04.642740+00:00,1,False,9,MICROBOOST_WATCH,SOURCE_CLEAN_BLOCK_ID,True,,NOT_EVALUATED_CLOSED_CANDLES_REQUIRED
RAW_REPLAY,CHFJPY_20260716T231623Z_20260716T232123Z,CHFJPY,BUY,2026-07-17T01:16:20.153410+00:00,2026-07-17T01:16:20.153410+00:00,1,False,1,MICROBOOST_WATCH,SOURCE_CLEAN_BLOCK_ID,True,,NOT_EVALUATED_CLOSED_CANDLES_REQUIRED
RAW_REPLAY,CADCHF_20260716T231629Z_20260716T232129Z,CADCHF,BUY,2026-07-17T01:16:24.565298+00:00,2026-07-17T01:16:24.565298+00:00,1,False,1,MICROBOOST_WATCH,SOURCE_CLEAN_BLOCK_ID,True,,NOT_EVALUATED_CLOSED_CANDLES_REQUIRED
RAW_REPLAY,CHFJPY_20260716T231738Z_20260716T232238Z,CHFJPY,BUY,2026-07-17T01:17:35.667514+00:00,2026-07-17T01:17:35.667514+00:00,1,False,5,MICROBOOST_WATCH,SOURCE_CLEAN_BLOCK_ID,True,,NOT_EVALUATED_CLOSED_CANDLES_REQUIRED
RAW_REPLAY,CADCHF_20260716T231744Z_20260716T232244Z,CADCHF,BUY,2026-07-17T01:17:40.826414+00:00,2026-07-17T01:17:40.826414+00:00,1,False,5,MICROBOOST_WATCH,SOURCE_CLEAN_BLOCK_ID,True,,NOT_EVALUATED_CLOSED_CANDLES_REQUIRED
RAW_REPLAY,CHFJPY_20260716T231903Z_20260716T232403Z,CHFJPY,BUY,2026-07-17T01:18:54.271248+00:00,2026-07-17T01:18:54.271248+00:00,1,False,13,MICROBOOST_WATCH,SOURCE_CLEAN_BLOCK_ID,True,,NOT_EVALUATED_CLOSED_CANDLES_REQUIRED
RAW_REPLAY,CADCHF_20260716T231901Z_20260716T232401Z,CADCHF,BUY,2026-07-17T01:18:58.658485+00:00,2026-07-17T01:18:58.658485+00:00,1,False,13,MICROBOOST_WATCH,SOURCE_CLEAN_BLOCK_ID,True,,NOT_EVALUATED_CLOSED_CANDLES_REQUIRED
RAW_REPLAY,CHFJPY_20260716T232019Z_20260716T232519Z,CHFJPY,BUY,2026-07-17T01:20:13.252622+00:00,2026-07-17T01:20:13.252622+00:00,1,False,1,MICROBOOST_WATCH,SOURCE_CLEAN_BLOCK_ID,True,,NOT_EVALUATED_CLOSED_CANDLES_REQUIRED
RAW_REPLAY,CADCHF_20260716T232025Z_20260716T232525Z,CADCHF,BUY,2026-07-17T01:20:18.941306+00:00,2026-07-17T01:20:18.941306+00:00,1,False,1,MICROBOOST_WATCH,SOURCE_CLEAN_BLOCK_ID,True,,NOT_EVALUATED_CLOSED_CANDLES_REQUIRED
RAW_REPLAY,CHFJPY_20260716T232136Z_20260716T232636Z,CHFJPY,BUY,2026-07-17T01:21:29.968913+00:00,2026-07-17T01:21:29.968913+00:00,1,False,7,MICROBOOST_WATCH,SOURCE_CLEAN_BLOCK_ID,True,,NOT_EVALUATED_CLOSED_CANDLES_REQUIRED
RAW_REPLAY,CADCHF_20260716T232136Z_20260716T232636Z,CADCHF,BUY,2026-07-17T01:21:35.007377+00:00,2026-07-17T01:21:35.007377+00:00,1,False,2,MICROBOOST_WATCH,SOURCE_CLEAN_BLOCK_ID,True,,NOT_EVALUATED_CLOSED_CANDLES_REQUIRED
RAW_REPLAY,CHFJPY_20260716T232253Z_20260716T232753Z,CHFJPY,BUY,2026-07-17T01:22:47.421459+00:00,2026-07-17T01:22:47.421459+00:00,1,False,8,MICROBOOST_WATCH,SOURCE_CLEAN_BLOCK_ID,True,,NOT_EVALUATED_CLOSED_CANDLES_REQUIRED
RAW_REPLAY,CADCHF_20260716T232253Z_20260716T232753Z,CADCHF,BUY,2026-07-17T01:22:52.110643+00:00,2026-07-17T01:22:52.110643+00:00,1,False,8,MICROBOOST_WATCH,SOURCE_CLEAN_BLOCK_ID,True,,NOT_EVALUATED_CLOSED_CANDLES_REQUIRED
RAW_REPLAY,CHFJPY_20260716T232409Z_20260716T232909Z,CHFJPY,BUY,2026-07-17T01:24:04.435518+00:00,2026-07-17T01:24:04.435518+00:00,1,False,4,MICROBOOST_WATCH,SOURCE_CLEAN_BLOCK_ID,True,,NOT_EVALUATED_CLOSED_CANDLES_REQUIRED
RAW_REPLAY,CADCHF_20260716T232415Z_20260716T232915Z,CADCHF,BUY,2026-07-17T01:24:09.307927+00:00,2026-07-17T01:24:09.307927+00:00,1,False,4,MICROBOOST_WATCH,SOURCE_CLEAN_BLOCK_ID,True,,NOT_EVALUATED_CLOSED_CANDLES_REQUIRED
RAW_REPLAY,CHFJPY_20260716T232525Z_20260716T233025Z,CHFJPY,BUY,2026-07-17T01:25:20.321563+00:00,2026-07-17T01:25:20.321563+00:00,1,False,4,MICROBOOST_WATCH,SOURCE_CLEAN_BLOCK_ID,True,,NOT_EVALUATED_CLOSED_CANDLES_REQUIRED
RAW_REPLAY,CADCHF_20260716T232525Z_20260716T233025Z,CADCHF,BUY,2026-07-17T01:25:24.859654+00:00,2026-07-17T01:25:24.859654+00:00,1,False,4,MICROBOOST_WATCH,SOURCE_CLEAN_BLOCK_ID,True,,NOT_EVALUATED_CLOSED_CANDLES_REQUIRED
RAW_REPLAY,CHFJPY_20260716T232640Z_20260716T233140Z,CHFJPY,BUY,2026-07-17T01:26:36.111367+00:00,2026-07-17T01:26:36.111367+00:00,1,False,1,MICROBOOST_WATCH,SOURCE_CLEAN_BLOCK_ID,True,,NOT_EVALUATED_CLOSED_CANDLES_REQUIRED
RAW_REPLAY,CADCHF_20260716T232647Z_20260716T233147Z,CADCHF,BUY,2026-07-17T01:26:40.741777+00:00,2026-07-17T01:26:40.741777+00:00,1,False,1,MICROBOOST_WATCH,SOURCE_CLEAN_BLOCK_ID,True,,NOT_EVALUATED_CLOSED_CANDLES_REQUIRED
RAW_REPLAY,CHFJPY_20260716T232757Z_20260716T233257Z,CHFJPY,BUY,2026-07-17T01:27:51.596012+00:00,2026-07-17T01:27:51.596012+00:00,1,False,2,MICROBOOST_WATCH,SOURCE_CLEAN_BLOCK_ID,True,,NOT_EVALUATED_CLOSED_CANDLES_REQUIRED
RAW_REPLAY,CADCHF_20260716T232756Z_20260716T233256Z,CADCHF,BUY,2026-07-17T01:27:55.688104+00:00,2026-07-17T01:27:55.688104+00:00,1,False,2,MICROBOOST_WATCH,SOURCE_CLEAN_BLOCK_ID,True,,NOT_EVALUATED_CLOSED_CANDLES_REQUIRED
RAW_REPLAY,CHFJPY_20260716T232912Z_20260716T233412Z,CHFJPY,BUY,2026-07-17T01:29:12.410047+00:00,2026-07-17T01:29:12.410047+00:00,1,False,1,MICROBOOST_WATCH,SOURCE_CLEAN_BLOCK_ID,True,,NOT_EVALUATED_CLOSED_CANDLES_REQUIRED
RAW_REPLAY,CADCHF_20260716T232920Z_20260716T233420Z,CADCHF,BUY,2026-07-17T01:29:15.600093+00:00,2026-07-17T01:29:15.600093+00:00,1,False,1,MICROBOOST_WATCH,SOURCE_CLEAN_BLOCK_ID,True,,NOT_EVALUATED_CLOSED_CANDLES_REQUIRED
RAW_REPLAY,CHFJPY_20260716T233031Z_20260716T233531Z,CHFJPY,BUY,2026-07-17T01:30:28.525763+00:00,2026-07-17T01:30:28.525763+00:00,1,False,5,MICROBOOST_WATCH,SOURCE_CLEAN_BLOCK_ID,True,,NOT_EVALUATED_CLOSED_CANDLES_REQUIRED
RAW_REPLAY,CADCHF_20260716T233038Z_20260716T233538Z,CADCHF,BUY,2026-07-17T01:30:33.166293+00:00,2026-07-17T01:30:33.166293+00:00,1,False,5,MICROBOOST_WATCH,SOURCE_CLEAN_BLOCK_ID,True,,NOT_EVALUATED_CLOSED_CANDLES_REQUIRED
RAW_REPLAY,CHFJPY_20260716T233149Z_20260716T233649Z,CHFJPY,BUY,2026-07-17T01:31:45.868115+00:00,2026-07-17T01:31:45.868115+00:00,1,False,4,MICROBOOST_WATCH,SOURCE_CLEAN_BLOCK_ID,True,,NOT_EVALUATED_CLOSED_CANDLES_REQUIRED
RAW_REPLAY,CADCHF_20260716T233156Z_20260716T233656Z,CADCHF,BUY,2026-07-17T01:31:50.266775+00:00,2026-07-17T01:31:50.266775+00:00,1,False,4,MICROBOOST_WATCH,SOURCE_CLEAN_BLOCK_ID,True,,NOT_EVALUATED_CLOSED_CANDLES_REQUIRED
RAW_REPLAY,CHFJPY_20260716T233307Z_20260716T233807Z,CHFJPY,BUY,2026-07-17T01:33:02.262460+00:00,2026-07-17T01:33:02.262460+00:00,1,False,1,MICROBOOST_WATCH,SOURCE_CLEAN_BLOCK_ID,True,,NOT_EVALUATED_CLOSED_CANDLES_REQUIRED
RAW_REPLAY,CADCHF_20260716T233307Z_20260716T233807Z,CADCHF,BUY,2026-07-17T01:33:06.209238+00:00,2026-07-17T01:33:06.209238+00:00,1,False,1,MICROBOOST_WATCH,SOURCE_CLEAN_BLOCK_ID,True,,NOT_EVALUATED_CLOSED_CANDLES_REQUIRED
RAW_REPLAY,CHFJPY_20260716T233417Z_20260716T233917Z,CHFJPY,BUY,2026-07-17T01:34:16.650240+00:00,2026-07-17T01:34:16.650240+00:00,1,False,5,MICROBOOST_WATCH,SOURCE_CLEAN_BLOCK_ID,True,,NOT_EVALUATED_CLOSED_CANDLES_REQUIRED
RAW_REPLAY,CADCHF_20260716T233424Z_20260716T233924Z,CADCHF,BUY,2026-07-17T01:34:21.356560+00:00,2026-07-17T01:34:21.356560+00:00,1,False,5,MICROBOOST_WATCH,SOURCE_CLEAN_BLOCK_ID,True,,NOT_EVALUATED_CLOSED_CANDLES_REQUIRED
RAW_REPLAY,CHFJPY_20260716T233535Z_20260716T234035Z,CHFJPY,BUY,2026-07-17T01:35:35.749432+00:00,2026-07-17T01:35:35.749432+00:00,1,False,4,MICROBOOST_WATCH,SOURCE_CLEAN_BLOCK_ID,True,,NOT_EVALUATED_CLOSED_CANDLES_REQUIRED
RAW_REPLAY,CADCHF_20260716T233542Z_20260716T234042Z,CADCHF,BUY,2026-07-17T01:35:40.429631+00:00,2026-07-17T01:35:40.429631+00:00,1,False,4,MICROBOOST_WATCH,SOURCE_CLEAN_BLOCK_ID,True,,NOT_EVALUATED_CLOSED_CANDLES_REQUIRED
RAW_REPLAY,CHFJPY_20260716T233652Z_20260716T234152Z,CHFJPY,BUY,2026-07-17T01:36:52.394382+00:00,2026-07-17T01:36:52.394382+00:00,1,False,3,MICROBOOST_WATCH,SOURCE_CLEAN_BLOCK_ID,True,,NOT_EVALUATED_CLOSED_CANDLES_REQUIRED
RAW_REPLAY,CADCHF_20260716T233659Z_20260716T234159Z,CADCHF,BUY,2026-07-17T01:36:56.772598+00:00,2026-07-17T01:36:56.772598+00:00,1,False,3,MICROBOOST_WATCH,SOURCE_CLEAN_BLOCK_ID,True,,NOT_EVALUATED_CLOSED_CANDLES_REQUIRED
RAW_REPLAY,CHFJPY_20260716T233818Z_20260716T234318Z,CHFJPY,BUY,2026-07-17T01:38:11.697486+00:00,2026-07-17T01:38:11.697486+00:00,1,False,15,MICROBOOST_WATCH,SOURCE_CLEAN_BLOCK_ID,True,,NOT_EVALUATED_CLOSED_CANDLES_REQUIRED
RAW_REPLAY,CADCHF_20260716T233817Z_20260716T234317Z,CADCHF,BUY,2026-07-17T01:38:16.126972+00:00,2026-07-17T01:38:16.126972+00:00,1,False,15,MICROBOOST_WATCH,SOURCE_CLEAN_BLOCK_ID,True,,NOT_EVALUATED_CLOSED_CANDLES_REQUIRED
RAW_REPLAY,CHFJPY_20260716T233931Z_20260716T234431Z,CHFJPY,BUY,2026-07-17T01:39:29.927220+00:00,2026-07-17T01:39:29.927220+00:00,1,False,1,MICROBOOST_WATCH,SOURCE_CLEAN_BLOCK_ID,True,,NOT_EVALUATED_CLOSED_CANDLES_REQUIRED
RAW_REPLAY,CADCHF_20260716T233937Z_20260716T234437Z,CADCHF,BUY,2026-07-17T01:39:34.119168+00:00,2026-07-17T01:39:34.119168+00:00,1,False,3,MICROBOOST_WATCH,SOURCE_CLEAN_BLOCK_ID,True,,NOT_EVALUATED_CLOSED_CANDLES_REQUIRED
RAW_REPLAY,CHFJPY_20260716T234049Z_20260716T234549Z,CHFJPY,BUY,2026-07-17T01:40:47.959273+00:00,2026-07-17T01:40:47.959273+00:00,1,False,4,MICROBOOST_WATCH,SOURCE_CLEAN_BLOCK_ID,True,,NOT_EVALUATED_CLOSED_CANDLES_REQUIRED
RAW_REPLAY,CADCHF_20260716T234057Z_20260716T234557Z,CADCHF,BUY,2026-07-17T01:40:52.688742+00:00,2026-07-17T01:40:52.688742+00:00,1,False,4,MICROBOOST_WATCH,SOURCE_CLEAN_BLOCK_ID,True,,NOT_EVALUATED_CLOSED_CANDLES_REQUIRED
RAW_REPLAY,CHFJPY_20260716T234204Z_20260716T234704Z,CHFJPY,BUY,2026-07-17T01:42:03.079001+00:00,2026-07-17T01:42:03.079001+00:00,1,False,3,MICROBOOST_WATCH,SOURCE_CLEAN_BLOCK_ID,True,,NOT_EVALUATED_CLOSED_CANDLES_REQUIRED
RAW_REPLAY,CADCHF_20260716T234210Z_20260716T234710Z,CADCHF,BUY,2026-07-17T01:42:08.546921+00:00,2026-07-17T01:42:08.546921+00:00,1,False,3,MICROBOOST_WATCH,SOURCE_CLEAN_BLOCK_ID,True,,NOT_EVALUATED_CLOSED_CANDLES_REQUIRED
RAW_REPLAY,CHFJPY_20260716T234321Z_20260716T234821Z,CHFJPY,BUY,2026-07-17T01:43:18.419235+00:00,2026-07-17T01:43:18.419235+00:00,1,False,14,MICROBOOST_WATCH,SOURCE_CLEAN_BLOCK_ID,True,,NOT_EVALUATED_CLOSED_CANDLES_REQUIRED
RAW_REPLAY,CADCHF_20260716T234328Z_20260716T234828Z,CADCHF,BUY,2026-07-17T01:43:27.497658+00:00,2026-07-17T01:43:27.497658+00:00,1,False,1,MICROBOOST_WATCH,SOURCE_CLEAN_BLOCK_ID,True,,NOT_EVALUATED_CLOSED_CANDLES_REQUIRED
RAW_REPLAY,CHFJPY_20260716T234439Z_20260716T234939Z,CHFJPY,BUY,2026-07-17T01:44:36.030664+00:00,2026-07-17T01:44:36.030664+00:00,1,False,5,MICROBOOST_WATCH,SOURCE_CLEAN_BLOCK_ID,True,,NOT_EVALUATED_CLOSED_CANDLES_REQUIRED
RAW_REPLAY,CADCHF_20260716T234445Z_20260716T234945Z,CADCHF,BUY,2026-07-17T01:44:45.003506+00:00,2026-07-17T01:44:45.003506+00:00,1,False,6,MICROBOOST_WATCH,SOURCE_CLEAN_BLOCK_ID,True,,NOT_EVALUATED_CLOSED_CANDLES_REQUIRED
RAW_REPLAY,CHFJPY_20260716T234556Z_20260716T235056Z,CHFJPY,BUY,2026-07-17T01:45:54.747619+00:00,2026-07-17T01:45:54.747619+00:00,1,False,6,MICROBOOST_WATCH,SOURCE_CLEAN_BLOCK_ID,True,,NOT_EVALUATED_CLOSED_CANDLES_REQUIRED
RAW_REPLAY,CADCHF_20260716T234610Z_20260716T235110Z,CADCHF,BUY,2026-07-17T01:46:03.899427+00:00,2026-07-17T01:46:03.899427+00:00,1,False,7,MICROBOOST_WATCH,SOURCE_CLEAN_BLOCK_ID,True,,NOT_EVALUATED_CLOSED_CANDLES_REQUIRED
RAW_REPLAY,CHFJPY_20260716T234716Z_20260716T235216Z,CHFJPY,BUY,2026-07-17T01:47:12.910580+00:00,2026-07-17T01:47:12.910580+00:00,1,False,4,MICROBOOST_WATCH,SOURCE_CLEAN_BLOCK_ID,True,,NOT_EVALUATED_CLOSED_CANDLES_REQUIRED
RAW_REPLAY,CADCHF_20260716T234723Z_20260716T235223Z,CADCHF,BUY,2026-07-17T01:47:21.829774+00:00,2026-07-17T01:47:21.829774+00:00,1,False,1,MICROBOOST_WATCH,SOURCE_CLEAN_BLOCK_ID,True,,NOT_EVALUATED_CLOSED_CANDLES_REQUIRED
RAW_REPLAY,CHFJPY_20260716T234834Z_20260716T235334Z,CHFJPY,BUY,2026-07-17T01:48:30.710073+00:00,2026-07-17T01:48:30.710073+00:00,1,False,2,MICROBOOST_WATCH,SOURCE_CLEAN_BLOCK_ID,True,,NOT_EVALUATED_CLOSED_CANDLES_REQUIRED
RAW_REPLAY,CADCHF_20260716T234841Z_20260716T235341Z,CADCHF,BUY,2026-07-17T01:48:39.376558+00:00,2026-07-17T01:48:39.376558+00:00,1,False,1,MICROBOOST_WATCH,SOURCE_CLEAN_BLOCK_ID,True,,NOT_EVALUATED_CLOSED_CANDLES_REQUIRED
RAW_REPLAY,CHFJPY_20260716T234946Z_20260716T235446Z,CHFJPY,BUY,2026-07-17T01:49:45.697105+00:00,2026-07-17T01:49:45.697105+00:00,1,False,8,MICROBOOST_WATCH,SOURCE_CLEAN_BLOCK_ID,True,,NOT_EVALUATED_CLOSED_CANDLES_REQUIRED
RAW_REPLAY,CADCHF_20260716T234959Z_20260716T235459Z,CADCHF,BUY,2026-07-17T01:49:58.767163+00:00,2026-07-17T01:49:58.767163+00:00,1,False,10,MICROBOOST_WATCH,SOURCE_CLEAN_BLOCK_ID,True,,NOT_EVALUATED_CLOSED_CANDLES_REQUIRED
RAW_REPLAY,CHFJPY_20260716T235104Z_20260716T235604Z,CHFJPY,BUY,2026-07-17T01:51:02.585253+00:00,2026-07-17T01:51:02.585253+00:00,1,False,11,MICROBOOST_WATCH,SOURCE_CLEAN_BLOCK_ID,True,,NOT_EVALUATED_CLOSED_CANDLES_REQUIRED
RAW_REPLAY,CADCHF_20260716T235118Z_20260716T235618Z,CADCHF,BUY,2026-07-17T01:51:15.811270+00:00,2026-07-17T01:51:15.811270+00:00,1,False,13,MICROBOOST_WATCH,SOURCE_CLEAN_BLOCK_ID,True,,NOT_EVALUATED_CLOSED_CANDLES_REQUIRED
RAW_REPLAY,CHFJPY_20260716T235222Z_20260716T235722Z,CHFJPY,BUY,2026-07-17T01:52:18.691979+00:00,2026-07-17T01:52:18.691979+00:00,1,False,6,MICROBOOST_WATCH,SOURCE_CLEAN_BLOCK_ID,True,,NOT_EVALUATED_CLOSED_CANDLES_REQUIRED
RAW_REPLAY,CADCHF_20260716T235237Z_20260716T235737Z,CADCHF,BUY,2026-07-17T01:52:32.237595+00:00,2026-07-17T01:52:32.237595+00:00,1,False,8,MICROBOOST_WATCH,SOURCE_CLEAN_BLOCK_ID,True,,NOT_EVALUATED_CLOSED_CANDLES_REQUIRED
RAW_REPLAY,CHFJPY_20260716T235340Z_20260716T235840Z,CHFJPY,BUY,2026-07-17T01:53:34.766447+00:00,2026-07-17T01:53:34.766447+00:00,1,False,3,MICROBOOST_WATCH,SOURCE_CLEAN_BLOCK_ID,True,,NOT_EVALUATED_CLOSED_CANDLES_REQUIRED
RAW_REPLAY,CADCHF_20260716T235354Z_20260716T235854Z,CADCHF,BUY,2026-07-17T01:53:48.306546+00:00,2026-07-17T01:53:48.306546+00:00,1,False,5,MICROBOOST_WATCH,SOURCE_CLEAN_BLOCK_ID,True,,NOT_EVALUATED_CLOSED_CANDLES_REQUIRED
RAW_REPLAY,CHFJPY_20260716T235458Z_20260716T235958Z,CHFJPY,BUY,2026-07-17T01:54:52.050985+00:00,2026-07-17T01:54:52.050985+00:00,1,False,1,MICROBOOST_WATCH,SOURCE_CLEAN_BLOCK_ID,True,,NOT_EVALUATED_CLOSED_CANDLES_REQUIRED
RAW_REPLAY,CADCHF_20260716T235506Z_20260717T000006Z,CADCHF,BUY,2026-07-17T01:55:05.638930+00:00,2026-07-17T01:55:05.638930+00:00,1,False,1,MICROBOOST_WATCH,SOURCE_CLEAN_BLOCK_ID,True,,NOT_EVALUATED_CLOSED_CANDLES_REQUIRED
RAW_REPLAY,CHFJPY_20260716T235610Z_20260717T000110Z,CHFJPY,BUY,2026-07-17T01:56:08.195028+00:00,2026-07-17T01:56:08.195028+00:00,1,False,3,MICROBOOST_WATCH,SOURCE_CLEAN_BLOCK_ID,True,,NOT_EVALUATED_CLOSED_CANDLES_REQUIRED
RAW_REPLAY,CADCHF_20260716T235624Z_20260717T000124Z,CADCHF,BUY,2026-07-17T01:56:22.274645+00:00,2026-07-17T01:56:22.274645+00:00,1,False,5,MICROBOOST_WATCH,SOURCE_CLEAN_BLOCK_ID,True,,NOT_EVALUATED_CLOSED_CANDLES_REQUIRED
RAW_REPLAY,CHFJPY_20260716T235728Z_20260717T000228Z,CHFJPY,BUY,2026-07-17T01:57:24.728086+00:00,2026-07-17T01:57:24.728086+00:00,1,False,2,MICROBOOST_WATCH,SOURCE_CLEAN_BLOCK_ID,True,,NOT_EVALUATED_CLOSED_CANDLES_REQUIRED
RAW_REPLAY,CADCHF_20260716T235742Z_20260717T000242Z,CADCHF,BUY,2026-07-17T01:57:36.700831+00:00,2026-07-17T01:57:36.700831+00:00,1,False,1,MICROBOOST_WATCH,SOURCE_CLEAN_BLOCK_ID,True,,NOT_EVALUATED_CLOSED_CANDLES_REQUIRED
RAW_REPLAY,CHFJPY_20260716T235846Z_20260717T000346Z,CHFJPY,BUY,2026-07-17T01:58:42.809637+00:00,2026-07-17T01:58:42.809637+00:00,1,False,4,MICROBOOST_WATCH,SOURCE_CLEAN_BLOCK_ID,True,,NOT_EVALUATED_CLOSED_CANDLES_REQUIRED
RAW_REPLAY,CADCHF_20260716T235859Z_20260717T000359Z,CADCHF,BUY,2026-07-17T01:58:55.331380+00:00,2026-07-17T01:58:55.331380+00:00,1,False,6,MICROBOOST_WATCH,SOURCE_CLEAN_BLOCK_ID,True,,NOT_EVALUATED_CLOSED_CANDLES_REQUIRED
RAW_REPLAY,CHFJPY_20260717T000003Z_20260717T000503Z,CHFJPY,BUY,2026-07-17T02:00:01.776199+00:00,2026-07-17T02:00:01.776199+00:00,1,False,6,MICROBOOST_WATCH,SOURCE_CLEAN_BLOCK_ID,True,,NOT_EVALUATED_CLOSED_CANDLES_REQUIRED
RAW_REPLAY,CADCHF_20260717T000010Z_20260717T000510Z,CADCHF,BUY,2026-07-17T02:00:10.006507+00:00,2026-07-17T02:00:10.006507+00:00,1,False,7,MICROBOOST_WATCH,SOURCE_CLEAN_BLOCK_ID,True,,NOT_EVALUATED_CLOSED_CANDLES_REQUIRED
RAW_REPLAY,CHFJPY_20260717T000125Z_20260717T000625Z,CHFJPY,BUY,2026-07-17T02:01:19.396424+00:00,2026-07-17T02:01:19.396424+00:00,1,False,1,MICROBOOST_WATCH,SOURCE_CLEAN_BLOCK_ID,True,,NOT_EVALUATED_CLOSED_CANDLES_REQUIRED
RAW_REPLAY,CADCHF_20260717T000132Z_20260717T000632Z,CADCHF,BUY,2026-07-17T02:01:27.044585+00:00,2026-07-17T02:01:27.044585+00:00,1,False,1,MICROBOOST_WATCH,SOURCE_CLEAN_BLOCK_ID,True,,NOT_EVALUATED_CLOSED_CANDLES_REQUIRED
RAW_REPLAY,CHFJPY_20260717T000239Z_20260717T000739Z,CHFJPY,BUY,2026-07-17T02:02:34.002451+00:00,2026-07-17T02:02:34.002451+00:00,1,False,1,MICROBOOST_WATCH,SOURCE_CLEAN_BLOCK_ID,True,,NOT_EVALUATED_CLOSED_CANDLES_REQUIRED
RAW_REPLAY,CADCHF_20260717T000246Z_20260717T000746Z,CADCHF,BUY,2026-07-17T02:02:42.911397+00:00,2026-07-17T02:02:42.911397+00:00,1,False,2,MICROBOOST_WATCH,SOURCE_CLEAN_BLOCK_ID,True,,NOT_EVALUATED_CLOSED_CANDLES_REQUIRED
RAW_REPLAY,CHFJPY_20260717T000353Z_20260717T000853Z,CHFJPY,BUY,2026-07-17T02:03:49.560689+00:00,2026-07-17T02:03:49.560689+00:00,1,False,2,MICROBOOST_WATCH,SOURCE_CLEAN_BLOCK_ID,True,,NOT_EVALUATED_CLOSED_CANDLES_REQUIRED
RAW_REPLAY,CADCHF_20260717T000401Z_20260717T000901Z,CADCHF,BUY,2026-07-17T02:03:58.255221+00:00,2026-07-17T02:03:58.255221+00:00,1,False,3,MICROBOOST_WATCH,SOURCE_CLEAN_BLOCK_ID,True,,NOT_EVALUATED_CLOSED_CANDLES_REQUIRED
RAW_REPLAY,CHFJPY_20260717T000514Z_20260717T001014Z,CHFJPY,BUY,2026-07-17T02:05:08.319693+00:00,2026-07-17T02:05:08.319693+00:00,1,False,1,MICROBOOST_WATCH,SOURCE_CLEAN_BLOCK_ID,True,,NOT_EVALUATED_CLOSED_CANDLES_REQUIRED
RAW_REPLAY,CADCHF_20260717T000522Z_20260717T001022Z,CADCHF,BUY,2026-07-17T02:05:16.150558+00:00,2026-07-17T02:05:16.150558+00:00,1,False,1,MICROBOOST_WATCH,SOURCE_CLEAN_BLOCK_ID,True,,NOT_EVALUATED_CLOSED_CANDLES_REQUIRED
RAW_REPLAY,CHFJPY_20260717T000628Z_20260717T001128Z,CHFJPY,BUY,2026-07-17T02:06:23.398283+00:00,2026-07-17T02:06:23.398283+00:00,1,False,6,MICROBOOST_WATCH,SOURCE_CLEAN_BLOCK_ID,True,,NOT_EVALUATED_CLOSED_CANDLES_REQUIRED
RAW_REPLAY,CADCHF_20260717T000642Z_20260717T001142Z,CADCHF,BUY,2026-07-17T02:06:35.858101+00:00,2026-07-17T02:06:35.858101+00:00,1,False,8,MICROBOOST_WATCH,SOURCE_CLEAN_BLOCK_ID,True,,NOT_EVALUATED_CLOSED_CANDLES_REQUIRED
RAW_REPLAY,CHFJPY_20260717T000743Z_20260717T001243Z,CHFJPY,BUY,2026-07-17T02:07:38.880325+00:00,2026-07-17T02:07:38.880325+00:00,1,False,3,MICROBOOST_WATCH,SOURCE_CLEAN_BLOCK_ID,True,,NOT_EVALUATED_CLOSED_CANDLES_REQUIRED
RAW_REPLAY,CADCHF_20260717T000758Z_20260717T001258Z,CADCHF,BUY,2026-07-17T02:07:51.777761+00:00,2026-07-17T02:07:51.777761+00:00,1,False,1,MICROBOOST_WATCH,SOURCE_CLEAN_BLOCK_ID,True,,NOT_EVALUATED_CLOSED_CANDLES_REQUIRED
RAW_REPLAY,CHFJPY_20260717T000904Z_20260717T001404Z,CHFJPY,BUY,2026-07-17T02:08:57.301360+00:00,2026-07-17T02:08:57.301360+00:00,1,False,6,MICROBOOST_WATCH,SOURCE_CLEAN_BLOCK_ID,True,,NOT_EVALUATED_CLOSED_CANDLES_REQUIRED
RAW_REPLAY,CADCHF_20260717T000910Z_20260717T001410Z,CADCHF,BUY,2026-07-17T02:09:10.032516+00:00,2026-07-17T02:09:10.032516+00:00,1,False,8,MICROBOOST_WATCH,SOURCE_CLEAN_BLOCK_ID,True,,NOT_EVALUATED_CLOSED_CANDLES_REQUIRED
RAW_REPLAY,CHFJPY_20260717T001017Z_20260717T001517Z,CHFJPY,BUY,2026-07-17T02:10:16.286867+00:00,2026-07-17T02:10:16.286867+00:00,1,False,1,MICROBOOST_WATCH,SOURCE_CLEAN_BLOCK_ID,True,,NOT_EVALUATED_CLOSED_CANDLES_REQUIRED
RAW_REPLAY,CADCHF_20260717T001031Z_20260717T001531Z,CADCHF,BUY,2026-07-17T02:10:29.146755+00:00,2026-07-17T02:10:29.146755+00:00,1,False,3,MICROBOOST_WATCH,SOURCE_CLEAN_BLOCK_ID,True,,NOT_EVALUATED_CLOSED_CANDLES_REQUIRED
RAW_REPLAY,CHFJPY_20260717T001137Z_20260717T001637Z,CHFJPY,BUY,2026-07-17T02:11:34.633029+00:00,2026-07-17T02:11:34.633029+00:00,1,False,1,MICROBOOST_WATCH,SOURCE_CLEAN_BLOCK_ID,True,,NOT_EVALUATED_CLOSED_CANDLES_REQUIRED
RAW_REPLAY,CADCHF_20260717T001151Z_20260717T001651Z,CADCHF,BUY,2026-07-17T02:11:46.200091+00:00,2026-07-17T02:11:46.200091+00:00,1,False,1,MICROBOOST_WATCH,SOURCE_CLEAN_BLOCK_ID,True,,NOT_EVALUATED_CLOSED_CANDLES_REQUIRED
RAW_REPLAY,CHFJPY_20260717T001256Z_20260717T001756Z,CHFJPY,BUY,2026-07-17T02:12:51.521851+00:00,2026-07-17T02:12:51.521851+00:00,1,False,7,MICROBOOST_WATCH,SOURCE_CLEAN_BLOCK_ID,True,,NOT_EVALUATED_CLOSED_CANDLES_REQUIRED
RAW_REPLAY,CADCHF_20260717T001310Z_20260717T001810Z,CADCHF,BUY,2026-07-17T02:13:04.130121+00:00,2026-07-17T02:13:04.130121+00:00,1,False,1,MICROBOOST_WATCH,SOURCE_CLEAN_BLOCK_ID,True,,NOT_EVALUATED_CLOSED_CANDLES_REQUIRED
RAW_REPLAY,CHFJPY_20260717T001416Z_20260717T001916Z,CHFJPY,BUY,2026-07-17T02:14:09.647996+00:00,2026-07-17T02:14:09.647996+00:00,1,False,8,MICROBOOST_WATCH,SOURCE_CLEAN_BLOCK_ID,True,,NOT_EVALUATED_CLOSED_CANDLES_REQUIRED
RAW_REPLAY,CADCHF_20260717T001424Z_20260717T001924Z,CADCHF,BUY,2026-07-17T02:14:22.485181+00:00,2026-07-17T02:14:22.485181+00:00,1,False,1,MICROBOOST_WATCH,SOURCE_CLEAN_BLOCK_ID,True,,NOT_EVALUATED_CLOSED_CANDLES_REQUIRED
RAW_REPLAY,CHFJPY_20260717T001529Z_20260717T002029Z,CHFJPY,BUY,2026-07-17T02:15:26.378389+00:00,2026-07-17T02:15:26.378389+00:00,1,False,2,MICROBOOST_WATCH,SOURCE_CLEAN_BLOCK_ID,True,,NOT_EVALUATED_CLOSED_CANDLES_REQUIRED
RAW_REPLAY,CADCHF_20260717T001543Z_20260717T002043Z,CADCHF,BUY,2026-07-17T02:15:38.581886+00:00,2026-07-17T02:15:38.581886+00:00,1,False,4,MICROBOOST_WATCH,SOURCE_CLEAN_BLOCK_ID,True,,NOT_EVALUATED_CLOSED_CANDLES_REQUIRED
RAW_REPLAY,CHFJPY_20260717T001642Z_20260717T002142Z,CHFJPY,BUY,2026-07-17T02:16:42.237962+00:00,2026-07-17T02:16:42.237962+00:00,1,False,5,MICROBOOST_WATCH,SOURCE_CLEAN_BLOCK_ID,True,,NOT_EVALUATED_CLOSED_CANDLES_REQUIRED
RAW_REPLAY,CADCHF_20260717T001656Z_20260717T002156Z,CADCHF,BUY,2026-07-17T02:16:54.907588+00:00,2026-07-17T02:16:54.907588+00:00,1,False,7,MICROBOOST_WATCH,SOURCE_CLEAN_BLOCK_ID,True,,NOT_EVALUATED_CLOSED_CANDLES_REQUIRED
RAW_REPLAY,CHFJPY_20260717T001808Z_20260717T002308Z,CHFJPY,BUY,2026-07-17T02:18:02.580761+00:00,2026-07-17T02:18:02.580761+00:00,1,False,1,MICROBOOST_WATCH,SOURCE_CLEAN_BLOCK_ID,True,,NOT_EVALUATED_CLOSED_CANDLES_REQUIRED
RAW_REPLAY,CADCHF_20260717T001814Z_20260717T002314Z,CADCHF,BUY,2026-07-17T02:18:10.456845+00:00,2026-07-17T02:18:10.456845+00:00,1,False,2,MICROBOOST_WATCH,SOURCE_CLEAN_BLOCK_ID,True,,NOT_EVALUATED_CLOSED_CANDLES_REQUIRED
RAW_REPLAY,CHFJPY_20260717T001926Z_20260717T002426Z,CHFJPY,BUY,2026-07-17T02:19:19.449087+00:00,2026-07-17T02:19:19.449087+00:00,1,False,2,MICROBOOST_WATCH,SOURCE_CLEAN_BLOCK_ID,True,,NOT_EVALUATED_CLOSED_CANDLES_REQUIRED
RAW_REPLAY,CADCHF_20260717T001933Z_20260717T002433Z,CADCHF,BUY,2026-07-17T02:19:26.889171+00:00,2026-07-17T02:19:26.889171+00:00,1,False,3,MICROBOOST_WATCH,SOURCE_CLEAN_BLOCK_ID,True,,NOT_EVALUATED_CLOSED_CANDLES_REQUIRED
RAW_REPLAY,CHFJPY_20260717T002037Z_20260717T002537Z,CHFJPY,BUY,2026-07-17T02:20:36.488219+00:00,2026-07-17T02:20:36.488219+00:00,1,False,6,MICROBOOST_WATCH,SOURCE_CLEAN_BLOCK_ID,True,,NOT_EVALUATED_CLOSED_CANDLES_REQUIRED
RAW_REPLAY,CADCHF_20260717T002052Z_20260717T002552Z,CADCHF,BUY,2026-07-17T02:20:45.125798+00:00,2026-07-17T02:20:45.125798+00:00,1,False,7,MICROBOOST_WATCH,SOURCE_CLEAN_BLOCK_ID,True,,NOT_EVALUATED_CLOSED_CANDLES_REQUIRED
RAW_REPLAY,CHFJPY_20260717T002157Z_20260717T002657Z,CHFJPY,BUY,2026-07-17T02:21:54.249953+00:00,2026-07-17T02:21:54.249953+00:00,1,False,2,MICROBOOST_WATCH,SOURCE_CLEAN_BLOCK_ID,True,,NOT_EVALUATED_CLOSED_CANDLES_REQUIRED
RAW_REPLAY,CADCHF_20260717T002204Z_20260717T002704Z,CADCHF,BUY,2026-07-17T02:22:02.507094+00:00,2026-07-17T02:22:02.507094+00:00,1,False,3,MICROBOOST_WATCH,SOURCE_CLEAN_BLOCK_ID,True,,NOT_EVALUATED_CLOSED_CANDLES_REQUIRED
RAW_REPLAY,CHFJPY_20260717T002315Z_20260717T002815Z,CHFJPY,BUY,2026-07-17T02:23:12.230787+00:00,2026-07-17T02:23:12.230787+00:00,1,False,2,MICROBOOST_WATCH,SOURCE_CLEAN_BLOCK_ID,True,,NOT_EVALUATED_CLOSED_CANDLES_REQUIRED
RAW_REPLAY,CADCHF_20260717T002322Z_20260717T002822Z,CADCHF,BUY,2026-07-17T02:23:20.278384+00:00,2026-07-17T02:23:20.278384+00:00,1,False,3,MICROBOOST_WATCH,SOURCE_CLEAN_BLOCK_ID,True,,NOT_EVALUATED_CLOSED_CANDLES_REQUIRED
RAW_REPLAY,CHFJPY_20260717T002433Z_20260717T002933Z,CHFJPY,BUY,2026-07-17T02:24:30.554634+00:00,2026-07-17T02:24:30.554634+00:00,1,False,2,MICROBOOST_WATCH,SOURCE_CLEAN_BLOCK_ID,True,,NOT_EVALUATED_CLOSED_CANDLES_REQUIRED
RAW_REPLAY,CADCHF_20260717T002440Z_20260717T002940Z,CADCHF,BUY,2026-07-17T02:24:38.668103+00:00,2026-07-17T02:24:38.668103+00:00,1,False,3,MICROBOOST_WATCH,SOURCE_CLEAN_BLOCK_ID,True,,NOT_EVALUATED_CLOSED_CANDLES_REQUIRED
RAW_REPLAY,CHFJPY_20260717T002553Z_20260717T003053Z,CHFJPY,BUY,2026-07-17T02:25:48.264155+00:00,2026-07-17T02:25:48.264155+00:00,1,False,6,MICROBOOST_WATCH,SOURCE_CLEAN_BLOCK_ID,True,,NOT_EVALUATED_CLOSED_CANDLES_REQUIRED
RAW_REPLAY,CADCHF_20260717T002600Z_20260717T003100Z,CADCHF,BUY,2026-07-17T02:25:55.846343+00:00,2026-07-17T02:25:55.846343+00:00,1,False,7,MICROBOOST_WATCH,SOURCE_CLEAN_BLOCK_ID,True,,NOT_EVALUATED_CLOSED_CANDLES_REQUIRED
RAW_REPLAY,CHFJPY_20260717T002709Z_20260717T003209Z,CHFJPY,BUY,2026-07-17T02:27:05.962470+00:00,2026-07-17T02:27:05.962470+00:00,1,False,7,MICROBOOST_WATCH,SOURCE_CLEAN_BLOCK_ID,True,,NOT_EVALUATED_CLOSED_CANDLES_REQUIRED
RAW_REPLAY,CADCHF_20260717T002717Z_20260717T003217Z,CADCHF,BUY,2026-07-17T02:27:13.848411+00:00,2026-07-17T02:27:13.848411+00:00,1,False,1,MICROBOOST_WATCH,SOURCE_CLEAN_BLOCK_ID,True,,NOT_EVALUATED_CLOSED_CANDLES_REQUIRED
RAW_REPLAY,CHFJPY_20260717T002827Z_20260717T003327Z,CHFJPY,BUY,2026-07-17T02:28:22.566169+00:00,2026-07-17T02:28:22.566169+00:00,1,False,2,MICROBOOST_WATCH,SOURCE_CLEAN_BLOCK_ID,True,,NOT_EVALUATED_CLOSED_CANDLES_REQUIRED
RAW_REPLAY,CADCHF_20260717T002833Z_20260717T003333Z,CADCHF,BUY,2026-07-17T02:28:30.050706+00:00,2026-07-17T02:28:30.050706+00:00,1,False,3,MICROBOOST_WATCH,SOURCE_CLEAN_BLOCK_ID,True,,NOT_EVALUATED_CLOSED_CANDLES_REQUIRED
RAW_REPLAY,CHFJPY_20260717T002944Z_20260717T003444Z,CHFJPY,BUY,2026-07-17T02:29:39.169986+00:00,2026-07-17T02:29:39.169986+00:00,1,False,1,MICROBOOST_WATCH,SOURCE_CLEAN_BLOCK_ID,True,,NOT_EVALUATED_CLOSED_CANDLES_REQUIRED
RAW_REPLAY,CADCHF_20260717T002951Z_20260717T003451Z,CADCHF,BUY,2026-07-17T02:29:46.491799+00:00,2026-07-17T02:29:46.491799+00:00,1,False,1,MICROBOOST_WATCH,SOURCE_CLEAN_BLOCK_ID,True,,NOT_EVALUATED_CLOSED_CANDLES_REQUIRED
RAW_REPLAY,CHFJPY_20260717T003102Z_20260717T003602Z,CHFJPY,BUY,2026-07-17T02:30:57.290218+00:00,2026-07-17T02:30:57.290218+00:00,1,False,1,MICROBOOST_WATCH,SOURCE_CLEAN_BLOCK_ID,True,,NOT_EVALUATED_CLOSED_CANDLES_REQUIRED
RAW_REPLAY,CADCHF_20260717T003109Z_20260717T003609Z,CADCHF,BUY,2026-07-17T02:31:05.056203+00:00,2026-07-17T02:31:05.056203+00:00,1,False,1,MICROBOOST_WATCH,SOURCE_CLEAN_BLOCK_ID,True,,NOT_EVALUATED_CLOSED_CANDLES_REQUIRED
RAW_REPLAY,CHFJPY_20260717T003215Z_20260717T003715Z,CHFJPY,BUY,2026-07-17T02:32:13.335368+00:00,2026-07-17T02:32:13.335368+00:00,1,False,5,MICROBOOST_WATCH,SOURCE_CLEAN_BLOCK_ID,True,,NOT_EVALUATED_CLOSED_CANDLES_REQUIRED
RAW_REPLAY,CADCHF_20260717T003221Z_20260717T003721Z,CADCHF,BUY,2026-07-17T02:32:21.768717+00:00,2026-07-17T02:32:21.768717+00:00,1,False,6,MICROBOOST_WATCH,SOURCE_CLEAN_BLOCK_ID,True,,NOT_EVALUATED_CLOSED_CANDLES_REQUIRED
RAW_REPLAY,CHFJPY_20260717T003332Z_20260717T003832Z,CHFJPY,BUY,2026-07-17T02:33:29.489700+00:00,2026-07-17T02:33:29.489700+00:00,1,False,7,MICROBOOST_WATCH,SOURCE_CLEAN_BLOCK_ID,True,,NOT_EVALUATED_CLOSED_CANDLES_REQUIRED
RAW_REPLAY,CADCHF_20260717T003338Z_20260717T003838Z,CADCHF,BUY,2026-07-17T02:33:37.905860+00:00,2026-07-17T02:33:37.905860+00:00,1,False,8,MICROBOOST_WATCH,SOURCE_CLEAN_BLOCK_ID,True,,NOT_EVALUATED_CLOSED_CANDLES_REQUIRED
RAW_REPLAY,CHFJPY_20260717T003447Z_20260717T003947Z,CHFJPY,BUY,2026-07-17T02:34:46.698752+00:00,2026-07-17T02:34:46.698752+00:00,1,False,14,MICROBOOST_WATCH,SOURCE_CLEAN_BLOCK_ID,True,,NOT_EVALUATED_CLOSED_CANDLES_REQUIRED
RAW_REPLAY,CADCHF_20260717T003500Z_20260717T004000Z,CADCHF,BUY,2026-07-17T02:34:54.452704+00:00,2026-07-17T02:34:54.452704+00:00,1,False,15,MICROBOOST_WATCH,SOURCE_CLEAN_BLOCK_ID,True,,NOT_EVALUATED_CLOSED_CANDLES_REQUIRED
RAW_REPLAY,CHFJPY_20260717T003608Z_20260717T004108Z,CHFJPY,BUY,2026-07-17T02:36:03.410515+00:00,2026-07-17T02:36:03.410515+00:00,1,False,3,MICROBOOST_WATCH,SOURCE_CLEAN_BLOCK_ID,True,,NOT_EVALUATED_CLOSED_CANDLES_REQUIRED
RAW_REPLAY,CADCHF_20260717T003615Z_20260717T004115Z,CADCHF,BUY,2026-07-17T02:36:11.495728+00:00,2026-07-17T02:36:11.495728+00:00,1,False,6,MICROBOOST_WATCH,SOURCE_CLEAN_BLOCK_ID,True,,NOT_EVALUATED_CLOSED_CANDLES_REQUIRED
RAW_REPLAY,CHFJPY_20260717T003723Z_20260717T004223Z,CHFJPY,BUY,2026-07-17T02:37:19.760919+00:00,2026-07-17T02:37:19.760919+00:00,1,False,7,MICROBOOST_WATCH,SOURCE_CLEAN_BLOCK_ID,True,,NOT_EVALUATED_CLOSED_CANDLES_REQUIRED
RAW_REPLAY,CADCHF_20260717T003729Z_20260717T004229Z,CADCHF,BUY,2026-07-17T02:37:26.950738+00:00,2026-07-17T02:37:26.950738+00:00,1,False,8,MICROBOOST_WATCH,SOURCE_CLEAN_BLOCK_ID,True,,NOT_EVALUATED_CLOSED_CANDLES_REQUIRED
RAW_REPLAY,CHFJPY_20260717T003844Z_20260717T004344Z,CHFJPY,BUY,2026-07-17T02:38:37.364218+00:00,2026-07-17T02:38:37.364218+00:00,1,False,5,MICROBOOST_WATCH,SOURCE_CLEAN_BLOCK_ID,True,,NOT_EVALUATED_CLOSED_CANDLES_REQUIRED
RAW_REPLAY,CADCHF_20260717T003851Z_20260717T004351Z,CADCHF,BUY,2026-07-17T02:38:44.669314+00:00,2026-07-17T02:38:44.669314+00:00,1,False,6,MICROBOOST_WATCH,SOURCE_CLEAN_BLOCK_ID,True,,NOT_EVALUATED_CLOSED_CANDLES_REQUIRED
RAW_REPLAY,CHFJPY_20260717T003959Z_20260717T004459Z,CHFJPY,BUY,2026-07-17T02:39:53.789495+00:00,2026-07-17T02:39:53.789495+00:00,1,False,2,MICROBOOST_WATCH,SOURCE_CLEAN_BLOCK_ID,True,,NOT_EVALUATED_CLOSED_CANDLES_REQUIRED
RAW_REPLAY,CADCHF_20260717T004005Z_20260717T004505Z,CADCHF,BUY,2026-07-17T02:40:01.191151+00:00,2026-07-17T02:40:01.191151+00:00,1,False,3,MICROBOOST_WATCH,SOURCE_CLEAN_BLOCK_ID,True,,NOT_EVALUATED_CLOSED_CANDLES_REQUIRED
RAW_REPLAY,CHFJPY_20260717T004114Z_20260717T004614Z,CHFJPY,BUY,2026-07-17T02:41:08.837148+00:00,2026-07-17T02:41:08.837148+00:00,1,False,2,MICROBOOST_WATCH,SOURCE_CLEAN_BLOCK_ID,True,,NOT_EVALUATED_CLOSED_CANDLES_REQUIRED
RAW_REPLAY,CADCHF_20260717T004121Z_20260717T004621Z,CADCHF,BUY,2026-07-17T02:41:16.271724+00:00,2026-07-17T02:41:16.271724+00:00,1,False,3,MICROBOOST_WATCH,SOURCE_CLEAN_BLOCK_ID,True,,NOT_EVALUATED_CLOSED_CANDLES_REQUIRED
RAW_REPLAY,CHFJPY_20260717T004231Z_20260717T004731Z,CHFJPY,BUY,2026-07-17T02:42:25.746862+00:00,2026-07-17T02:42:25.746862+00:00,1,False,14,MICROBOOST_WATCH,SOURCE_CLEAN_BLOCK_ID,True,,NOT_EVALUATED_CLOSED_CANDLES_REQUIRED
RAW_REPLAY,CADCHF_20260717T004237Z_20260717T004737Z,CADCHF,BUY,2026-07-17T02:42:32.957985+00:00,2026-07-17T02:42:32.957985+00:00,1,False,1,MICROBOOST_WATCH,SOURCE_CLEAN_BLOCK_ID,True,,NOT_EVALUATED_CLOSED_CANDLES_REQUIRED
RAW_REPLAY,CHFJPY_20260717T004347Z_20260717T004847Z,CHFJPY,BUY,2026-07-17T02:43:41.193054+00:00,2026-07-17T02:43:41.193054+00:00,1,False,1,MICROBOOST_WATCH,SOURCE_CLEAN_BLOCK_ID,True,,NOT_EVALUATED_CLOSED_CANDLES_REQUIRED
RAW_REPLAY,CADCHF_20260717T004353Z_20260717T004853Z,CADCHF,BUY,2026-07-17T02:43:49.765545+00:00,2026-07-17T02:43:49.765545+00:00,1,False,2,MICROBOOST_WATCH,SOURCE_CLEAN_BLOCK_ID,True,,NOT_EVALUATED_CLOSED_CANDLES_REQUIRED
RAW_REPLAY,CHFJPY_20260717T004501Z_20260717T005001Z,CHFJPY,BUY,2026-07-17T02:44:56.397626+00:00,2026-07-17T02:44:56.397626+00:00,1,False,14,MICROBOOST_WATCH,SOURCE_CLEAN_BLOCK_ID,True,,NOT_EVALUATED_CLOSED_CANDLES_REQUIRED
RAW_REPLAY,CADCHF_20260717T004508Z_20260717T005008Z,CADCHF,BUY,2026-07-17T02:45:07.788330+00:00,2026-07-17T02:45:07.788330+00:00,1,False,1,MICROBOOST_WATCH,SOURCE_CLEAN_BLOCK_ID,True,,NOT_EVALUATED_CLOSED_CANDLES_REQUIRED
RAW_REPLAY,CHFJPY_20260717T004617Z_20260717T005117Z,CHFJPY,BUY,2026-07-17T02:46:15.420339+00:00,2026-07-17T02:46:15.420339+00:00,1,False,4,MICROBOOST_WATCH,SOURCE_CLEAN_BLOCK_ID,True,,NOT_EVALUATED_CLOSED_CANDLES_REQUIRED
RAW_REPLAY,CADCHF_20260717T004624Z_20260717T005124Z,CADCHF,BUY,2026-07-17T02:46:23.645093+00:00,2026-07-17T02:46:23.645093+00:00,1,False,5,MICROBOOST_WATCH,SOURCE_CLEAN_BLOCK_ID,True,,NOT_EVALUATED_CLOSED_CANDLES_REQUIRED
RAW_REPLAY,CHFJPY_20260717T004733Z_20260717T005233Z,CHFJPY,BUY,2026-07-17T02:47:32.897409+00:00,2026-07-17T02:47:32.897409+00:00,1,False,3,MICROBOOST_WATCH,SOURCE_CLEAN_BLOCK_ID,True,,NOT_EVALUATED_CLOSED_CANDLES_REQUIRED
RAW_REPLAY,CADCHF_20260717T004747Z_20260717T005247Z,CADCHF,BUY,2026-07-17T02:47:40.273976+00:00,2026-07-17T02:47:40.273976+00:00,1,False,4,MICROBOOST_WATCH,SOURCE_CLEAN_BLOCK_ID,True,,NOT_EVALUATED_CLOSED_CANDLES_REQUIRED
RAW_REPLAY,CHFJPY_20260717T004854Z_20260717T005354Z,CHFJPY,BUY,2026-07-17T02:48:49.604993+00:00,2026-07-17T02:48:49.604993+00:00,1,False,12,MICROBOOST_WATCH,SOURCE_CLEAN_BLOCK_ID,True,,NOT_EVALUATED_CLOSED_CANDLES_REQUIRED
RAW_REPLAY,CADCHF_20260717T004900Z_20260717T005400Z,CADCHF,BUY,2026-07-17T02:48:56.733781+00:00,2026-07-17T02:48:56.733781+00:00,1,False,13,MICROBOOST_WATCH,SOURCE_CLEAN_BLOCK_ID,True,,NOT_EVALUATED_CLOSED_CANDLES_REQUIRED
RAW_REPLAY,CHFJPY_20260717T005008Z_20260717T005508Z,CHFJPY,BUY,2026-07-17T02:50:06.513935+00:00,2026-07-17T02:50:06.513935+00:00,1,False,1,MICROBOOST_WATCH,SOURCE_CLEAN_BLOCK_ID,True,,NOT_EVALUATED_CLOSED_CANDLES_REQUIRED
RAW_REPLAY,CADCHF_20260717T005015Z_20260717T005515Z,CADCHF,BUY,2026-07-17T02:50:12.898953+00:00,2026-07-17T02:50:12.898953+00:00,1,False,1,MICROBOOST_WATCH,SOURCE_CLEAN_BLOCK_ID,True,,NOT_EVALUATED_CLOSED_CANDLES_REQUIRED
RAW_REPLAY,CHFJPY_20260717T005125Z_20260717T005625Z,CHFJPY,BUY,2026-07-17T02:51:23.893755+00:00,2026-07-17T02:51:23.893755+00:00,1,False,1,MICROBOOST_WATCH,SOURCE_CLEAN_BLOCK_ID,True,,NOT_EVALUATED_CLOSED_CANDLES_REQUIRED
RAW_REPLAY,CADCHF_20260717T005131Z_20260717T005631Z,CADCHF,BUY,2026-07-17T02:51:30.486450+00:00,2026-07-17T02:51:30.486450+00:00,1,False,2,MICROBOOST_WATCH,SOURCE_CLEAN_BLOCK_ID,True,,NOT_EVALUATED_CLOSED_CANDLES_REQUIRED
RAW_REPLAY,CHFJPY_20260717T005239Z_20260717T005739Z,CHFJPY,BUY,2026-07-17T02:52:38.836716+00:00,2026-07-17T02:52:38.836716+00:00,1,False,6,MICROBOOST_WATCH,SOURCE_CLEAN_BLOCK_ID,True,,NOT_EVALUATED_CLOSED_CANDLES_REQUIRED
RAW_REPLAY,CADCHF_20260717T005252Z_20260717T005752Z,CADCHF,BUY,2026-07-17T02:52:45.419962+00:00,2026-07-17T02:52:45.419962+00:00,1,False,1,MICROBOOST_WATCH,SOURCE_CLEAN_BLOCK_ID,True,,NOT_EVALUATED_CLOSED_CANDLES_REQUIRED
RAW_REPLAY,CHFJPY_20260717T005358Z_20260717T005858Z,CHFJPY,BUY,2026-07-17T02:53:55.240040+00:00,2026-07-17T02:53:55.240040+00:00,1,False,13,MICROBOOST_WATCH,SOURCE_CLEAN_BLOCK_ID,True,,NOT_EVALUATED_CLOSED_CANDLES_REQUIRED
RAW_REPLAY,CADCHF_20260717T005405Z_20260717T005905Z,CADCHF,BUY,2026-07-17T02:54:02.384570+00:00,2026-07-17T02:54:02.384570+00:00,1,False,14,MICROBOOST_WATCH,SOURCE_CLEAN_BLOCK_ID,True,,NOT_EVALUATED_CLOSED_CANDLES_REQUIRED
RAW_REPLAY,CHFJPY_20260717T005513Z_20260717T010013Z,CHFJPY,BUY,2026-07-17T02:55:11.488031+00:00,2026-07-17T02:55:11.488031+00:00,1,False,1,MICROBOOST_WATCH,SOURCE_CLEAN_BLOCK_ID,True,,NOT_EVALUATED_CLOSED_CANDLES_REQUIRED
RAW_REPLAY,CADCHF_20260717T005520Z_20260717T010020Z,CADCHF,BUY,2026-07-17T02:55:18.525126+00:00,2026-07-17T02:55:18.525126+00:00,1,False,2,MICROBOOST_WATCH,SOURCE_CLEAN_BLOCK_ID,True,,NOT_EVALUATED_CLOSED_CANDLES_REQUIRED
RAW_REPLAY,CHFJPY_20260717T005634Z_20260717T010134Z,CHFJPY,BUY,2026-07-17T02:56:26.971756+00:00,2026-07-17T02:56:26.971756+00:00,1,False,1,MICROBOOST_WATCH,SOURCE_CLEAN_BLOCK_ID,True,,NOT_EVALUATED_CLOSED_CANDLES_REQUIRED
RAW_REPLAY,CADCHF_20260717T005639Z_20260717T010139Z,CADCHF,BUY,2026-07-17T02:56:37.340914+00:00,2026-07-17T02:56:37.340914+00:00,1,False,3,MICROBOOST_WATCH,SOURCE_CLEAN_BLOCK_ID,True,,NOT_EVALUATED_CLOSED_CANDLES_REQUIRED
RAW_REPLAY,CHFJPY_20260717T005744Z_20260717T010244Z,CHFJPY,BUY,2026-07-17T02:57:42.113098+00:00,2026-07-17T02:57:42.113098+00:00,1,False,2,MICROBOOST_WATCH,SOURCE_CLEAN_BLOCK_ID,True,,NOT_EVALUATED_CLOSED_CANDLES_REQUIRED
RAW_REPLAY,CADCHF_20260717T005757Z_20260717T010257Z,CADCHF,BUY,2026-07-17T02:57:56.667383+00:00,2026-07-17T02:57:56.667383+00:00,1,False,1,MICROBOOST_WATCH,SOURCE_CLEAN_BLOCK_ID,True,,NOT_EVALUATED_CLOSED_CANDLES_REQUIRED
RAW_REPLAY,CHFJPY_20260717T005859Z_20260717T010359Z,CHFJPY,BUY,2026-07-17T02:58:59.252634+00:00,2026-07-17T02:58:59.252634+00:00,1,False,4,MICROBOOST_WATCH,SOURCE_CLEAN_BLOCK_ID,True,,NOT_EVALUATED_CLOSED_CANDLES_REQUIRED
RAW_REPLAY,CADCHF_20260717T005918Z_20260717T010418Z,CADCHF,BUY,2026-07-17T02:59:13.830005+00:00,2026-07-17T02:59:13.830005+00:00,1,False,3,MICROBOOST_WATCH,SOURCE_CLEAN_BLOCK_ID,True,,NOT_EVALUATED_CLOSED_CANDLES_REQUIRED
RAW_REPLAY,CHFJPY_20260717T010020Z_20260717T010520Z,CHFJPY,BUY,2026-07-17T03:00:17.472624+00:00,2026-07-17T03:00:17.472624+00:00,1,False,2,MICROBOOST_WATCH,SOURCE_CLEAN_BLOCK_ID,True,,NOT_EVALUATED_CLOSED_CANDLES_REQUIRED
RAW_REPLAY,CADCHF_20260717T010036Z_20260717T010536Z,CADCHF,BUY,2026-07-17T03:00:32.086271+00:00,2026-07-17T03:00:32.086271+00:00,1,False,1,MICROBOOST_WATCH,SOURCE_CLEAN_BLOCK_ID,True,,NOT_EVALUATED_CLOSED_CANDLES_REQUIRED
RAW_REPLAY,legacy:AUDNZD:20260717T030035.936630Z:030e055c12016d77,AUDNZD,SELL,2026-07-17T03:00:35.936630+00:00,2026-07-17T03:04:23.052160+00:00,4,False,83,MICROBOOST_WATCH,LEGACY_EPISODE,False,5scr.legacy-m15-gap.v1,NOT_EVALUATED_CLOSED_CANDLES_REQUIRED
RAW_REPLAY,AUDNZD_20260717T030035Z_20260717T030535Z,AUDNZD,SELL,2026-07-17T03:05:39.275038+00:00,2026-07-17T03:05:39.275038+00:00,1,False,113,MICROBOOST_WATCH,SOURCE_CLEAN_BLOCK_ID,True,,NOT_EVALUATED_CLOSED_CANDLES_REQUIRED
RAW_REPLAY,AUDNZD_20260717T030045Z_20260717T030545Z,AUDNZD,SELL,2026-07-17T03:06:56.585871+00:00,2026-07-17T04:15:34.072653+00:00,50,False,1518,MICROBOOST_WATCH,SOURCE_CLEAN_BLOCK_ID,True,,NOT_EVALUATED_CLOSED_CANDLES_REQUIRED
RAW_REPLAY,legacy:GBPAUD:20260717T040125.063748Z:7f1d645a40f5d1d5,GBPAUD,BUY,2026-07-17T04:01:25.063748+00:00,2026-07-17T04:03:56.405712+00:00,2,False,1,MICROBOOST_WATCH,LEGACY_EPISODE,False,5scr.legacy-m15-gap.v1,NOT_EVALUATED_CLOSED_CANDLES_REQUIRED
RAW_REPLAY,GBPAUD_20260717T040125Z_20260717T040625Z,GBPAUD,BUY,2026-07-17T04:06:30.206969+00:00,2026-07-17T04:15:26.236282+00:00,7,False,2,MICROBOOST_WATCH,SOURCE_CLEAN_BLOCK_ID,True,,NOT_EVALUATED_CLOSED_CANDLES_REQUIRED
RAW_REPLAY,legacy:USDCHF:20260717T090022.699701Z:9a5b036c86b32c5e,USDCHF,SELL,2026-07-17T09:00:22.699701+00:00,2026-07-17T09:04:11.689228+00:00,4,False,90,MICROBOOST_WATCH,LEGACY_EPISODE,False,5scr.legacy-m15-gap.v1,NOT_EVALUATED_CLOSED_CANDLES_REQUIRED
RAW_REPLAY,USDCHF_20260717T090017Z_20260717T090517Z,USDCHF,SELL,2026-07-17T09:05:28.308609+00:00,2026-07-17T10:59:23.992095+00:00,62,False,3553,MICROBOOST_WATCH,SOURCE_CLEAN_BLOCK_ID,True,,NOT_EVALUATED_CLOSED_CANDLES_REQUIRED
RAW_REPLAY,legacy:EURCHF:20260717T110023.370880Z:0528263f03b27217,EURCHF,SELL,2026-07-17T11:00:23.370880+00:00,2026-07-17T11:02:55.722673+00:00,3,False,60,MICROBOOST_WATCH,LEGACY_EPISODE,False,5scr.legacy-m15-gap.v1,NOT_EVALUATED_CLOSED_CANDLES_REQUIRED
RAW_REPLAY,legacy:CHFJPY:20260717T110047.294534Z:e3a8072812c66df4,CHFJPY,BUY,2026-07-17T11:00:47.294534+00:00,2026-07-17T11:00:47.294534+00:00,1,False,1,MICROBOOST_WATCH,LEGACY_EPISODE,False,5scr.legacy-m15-gap.v1,NOT_EVALUATED_CLOSED_CANDLES_REQUIRED
RAW_REPLAY,EURCHF_20260717T110048Z_20260717T110548Z,EURCHF,SELL,2026-07-17T11:08:00.964432+00:00,2026-07-17T12:14:11.991475+00:00,48,False,1637,MICROBOOST_WATCH,SOURCE_CLEAN_BLOCK_ID,True,,NOT_EVALUATED_CLOSED_CANDLES_REQUIRED
RAW_REPLAY,legacy:CHFJPY:20260717T120010.502701Z:558568f2944a5a35,CHFJPY,BUY,2026-07-17T12:00:10.502701+00:00,2026-07-17T12:04:00.873967+00:00,4,False,1,MICROBOOST_WATCH,LEGACY_EPISODE,False,5scr.legacy-m15-gap.v1,NOT_EVALUATED_CLOSED_CANDLES_REQUIRED
RAW_REPLAY,USDCHF_20260717T100116Z_20260717T100616Z,USDCHF,SELL,2026-07-17T12:01:16.065306+00:00,2026-07-17T12:01:16.065306+00:00,1,False,1,MICROBOOST_WATCH,SOURCE_CLEAN_BLOCK_ID,True,,NOT_EVALUATED_CLOSED_CANDLES_REQUIRED
RAW_REPLAY,CHFJPY_20260717T120010Z_20260717T120510Z,CHFJPY,BUY,2026-07-17T12:05:18.876941+00:00,2026-07-17T13:04:43.563214+00:00,12,False,75,MICROBOOST_WATCH,SOURCE_CLEAN_BLOCK_ID,True,,NOT_EVALUATED_CLOSED_CANDLES_REQUIRED
RAW_REPLAY,CHFJPY_20260717T130046Z_20260717T130546Z,CHFJPY,BUY,2026-07-17T13:05:59.856783+00:00,2026-07-17T13:59:37.790315+00:00,43,False,1159,MICROBOOST_WATCH,SOURCE_CLEAN_BLOCK_ID,True,,NOT_EVALUATED_CLOSED_CANDLES_REQUIRED
RAW_REPLAY,legacy:EURNZD:20260717T160017.789115Z:65f309ea9d5dcba3,EURNZD,SELL,2026-07-17T16:00:17.789115+00:00,2026-07-17T16:00:17.789115+00:00,1,False,3,PRESSURE_CANARY,LEGACY_EPISODE,False,5scr.legacy-m15-gap.v1,NOT_EVALUATED_CLOSED_CANDLES_REQUIRED
RAW_REPLAY,legacy:NZDJPY:20260717T160032.146336Z:d3892d0bdb581804,NZDJPY,BUY,2026-07-17T16:00:32.146336+00:00,2026-07-17T16:03:04.821543+00:00,2,False,2,MICROBOOST_WATCH,LEGACY_EPISODE,False,5scr.legacy-m15-gap.v1,NOT_EVALUATED_CLOSED_CANDLES_REQUIRED
RAW_REPLAY,legacy:USDCAD:20260717T160140.872114Z:998ed78ab80c9bd8,USDCAD,SELL,2026-07-17T16:01:40.872114+00:00,2026-07-17T16:01:40.872114+00:00,1,False,1,MICROBOOST_WATCH,LEGACY_EPISODE,False,5scr.legacy-m15-gap.v1,NOT_EVALUATED_CLOSED_CANDLES_REQUIRED
RAW_REPLAY,EURNZD_20260717T160014Z_20260717T160514Z,EURNZD,SELL,2026-07-17T16:05:21.081899+00:00,2026-07-17T16:21:51.871902+00:00,11,False,3,MICROBOOST_WATCH,SOURCE_CLEAN_BLOCK_ID,True,,NOT_EVALUATED_CLOSED_CANDLES_REQUIRED
RAW_REPLAY,NZDJPY_20260717T160028Z_20260717T160528Z,NZDJPY,BUY,2026-07-17T16:05:36.195572+00:00,2026-07-17T16:22:07.538518+00:00,8,False,1,MICROBOOST_WATCH,SOURCE_CLEAN_BLOCK_ID,True,,NOT_EVALUATED_CLOSED_CANDLES_REQUIRED
RAW_REPLAY,legacy:GBPNZD:20260717T202645.029693Z:60396ed71a1f93a3,GBPNZD,SELL,2026-07-17T20:26:45.029693+00:00,2026-07-17T20:26:45.029693+00:00,1,False,3,PRESSURE_CANARY,LEGACY_EPISODE,False,5scr.legacy-m15-gap.v1,NOT_EVALUATED_CLOSED_CANDLES_REQUIRED
RAW_REPLAY,legacy:AUDNZD:20260717T202647.417907Z:79a04a024e5a7f6e,AUDNZD,SELL,2026-07-17T20:26:47.417907+00:00,2026-07-17T20:28:17.793617+00:00,2,False,3,PRESSURE_CANARY,LEGACY_EPISODE,False,5scr.legacy-m15-gap.v1,NOT_EVALUATED_CLOSED_CANDLES_REQUIRED
RAW_REPLAY,legacy:AUDCAD:20260717T202647.886169Z:f6ea94bf70148c29,AUDCAD,SELL,2026-07-17T20:26:47.886169+00:00,2026-07-17T20:26:47.886169+00:00,1,False,3,PRESSURE_CANARY,LEGACY_EPISODE,False,5scr.legacy-m15-gap.v1,NOT_EVALUATED_CLOSED_CANDLES_REQUIRED
RAW_REPLAY,legacy:CADJPY:20260717T202653.395325Z:0f07f873ae6b8c61,CADJPY,BUY,2026-07-17T20:26:53.395325+00:00,2026-07-17T20:28:23.829413+00:00,2,False,3,PRESSURE_CANARY,LEGACY_EPISODE,False,5scr.legacy-m15-gap.v1,NOT_EVALUATED_CLOSED_CANDLES_REQUIRED
RAW_REPLAY,legacy:EURGBP:20260717T202724.056576Z:f98a2f6d52f30f42,EURGBP,BUY,2026-07-17T20:27:24.056576+00:00,2026-07-17T20:31:16.004190+00:00,4,True,3,PRESSURE_CANARY,LEGACY_EPISODE,False,5scr.legacy-m15-gap.v1,NOT_EVALUATED_CLOSED_CANDLES_REQUIRED
RAW_REPLAY,legacy:EURCAD:20260717T202809.343561Z:038bd34bdae6f2d3,EURCAD,SELL,2026-07-17T20:28:09.343561+00:00,2026-07-17T20:28:09.343561+00:00,1,False,3,PRESSURE_CANARY,LEGACY_EPISODE,False,5scr.legacy-m15-gap.v1,NOT_EVALUATED_CLOSED_CANDLES_REQUIRED
RAW_REPLAY,legacy:GBPCAD:20260717T202814.784596Z:9b991d497b68bada,GBPCAD,SELL,2026-07-17T20:28:14.784596+00:00,2026-07-17T20:28:14.784596+00:00,1,False,3,PRESSURE_CANARY,LEGACY_EPISODE,False,5scr.legacy-m15-gap.v1,NOT_EVALUATED_CLOSED_CANDLES_REQUIRED
RAW_REPLAY,USDCHF_20260717T202615Z_20260717T203115Z,USDCHF,SELL,2026-07-17T21:05:07.623142+00:00,2026-07-17T21:05:07.623142+00:00,1,False,3,PRESSURE_CANARY,SOURCE_CLEAN_BLOCK_ID,True,,NOT_EVALUATED_CLOSED_CANDLES_REQUIRED
RAW_REPLAY,legacy:NZDUSD:20260719T220036.220564Z:8f6ee076dd5ff15e,NZDUSD,BUY,2026-07-19T22:00:36.220564+00:00,2026-07-19T22:04:30.908213+00:00,3,True,3,MICROBOOST_WATCH,LEGACY_EPISODE,False,5scr.legacy-m15-gap.v1,NOT_EVALUATED_CLOSED_CANDLES_REQUIRED
RAW_REPLAY,legacy:EURGBP:20260719T220037.679804Z:1798a0030c8d91c8,EURGBP,SELL,2026-07-19T22:00:37.679804+00:00,2026-07-19T22:04:31.207039+00:00,3,False,1,MICROBOOST_WATCH,LEGACY_EPISODE,False,5scr.legacy-m15-gap.v1,NOT_EVALUATED_CLOSED_CANDLES_REQUIRED
RAW_REPLAY,legacy:EURCHF:20260719T220041.717872Z:e9323cb164d8cfed,EURCHF,BUY,2026-07-19T22:00:41.717872+00:00,2026-07-19T22:00:41.717872+00:00,1,False,1,MICROBOOST_WATCH,LEGACY_EPISODE,False,5scr.legacy-m15-gap.v1,NOT_EVALUATED_CLOSED_CANDLES_REQUIRED
RAW_REPLAY,legacy:EURAUD:20260719T220043.699891Z:500d824ede18e08f,EURAUD,SELL,2026-07-19T22:00:43.699891+00:00,2026-07-19T22:00:43.699891+00:00,1,False,1,MICROBOOST_WATCH,LEGACY_EPISODE,False,5scr.legacy-m15-gap.v1,NOT_EVALUATED_CLOSED_CANDLES_REQUIRED
RAW_REPLAY,legacy:EURNZD:20260719T220047.721685Z:1cccb160c50b5e7d,EURNZD,SELL,2026-07-19T22:00:47.721685+00:00,2026-07-19T22:04:31.783937+00:00,3,False,1,MICROBOOST_WATCH,LEGACY_EPISODE,False,5scr.legacy-m15-gap.v1,NOT_EVALUATED_CLOSED_CANDLES_REQUIRED
RAW_REPLAY,legacy:GBPJPY:20260719T220049.746359Z:0687f9a4a4568017,GBPJPY,BUY,2026-07-19T22:00:49.746359+00:00,2026-07-19T22:04:32.076402+00:00,3,False,1,MICROBOOST_WATCH,LEGACY_EPISODE,False,5scr.legacy-m15-gap.v1,NOT_EVALUATED_CLOSED_CANDLES_REQUIRED
RAW_REPLAY,legacy:GBPCHF:20260719T220051.739507Z:57dc49e83270da25,GBPCHF,BUY,2026-07-19T22:00:51.739507+00:00,2026-07-19T22:04:32.035008+00:00,3,False,1,MICROBOOST_WATCH,LEGACY_EPISODE,False,5scr.legacy-m15-gap.v1,NOT_EVALUATED_CLOSED_CANDLES_REQUIRED
RAW_REPLAY,legacy:AUDJPY:20260719T220100.122406Z:c26aee6403a358b5,AUDJPY,BUY,2026-07-19T22:01:00.122406+00:00,2026-07-19T22:04:32.671796+00:00,3,False,1,MICROBOOST_WATCH,LEGACY_EPISODE,False,5scr.legacy-m15-gap.v1,NOT_EVALUATED_CLOSED_CANDLES_REQUIRED
RAW_REPLAY,legacy:AUDCHF:20260719T220106.143210Z:d51926b8af0b617d,AUDCHF,BUY,2026-07-19T22:01:06.143210+00:00,2026-07-19T22:04:33.169369+00:00,3,False,1,MICROBOOST_WATCH,LEGACY_EPISODE,False,5scr.legacy-m15-gap.v1,NOT_EVALUATED_CLOSED_CANDLES_REQUIRED
RAW_REPLAY,legacy:NZDJPY:20260719T220108.139503Z:94879f5e50d18381,NZDJPY,BUY,2026-07-19T22:01:08.139503+00:00,2026-07-19T22:04:33.225565+00:00,3,False,1,MICROBOOST_WATCH,LEGACY_EPISODE,False,5scr.legacy-m15-gap.v1,NOT_EVALUATED_CLOSED_CANDLES_REQUIRED
RAW_REPLAY,legacy:NZDCHF:20260719T220110.613104Z:1a1ebc2608f7ba0b,NZDCHF,BUY,2026-07-19T22:01:10.613104+00:00,2026-07-19T22:04:33.556354+00:00,5,True,3,MICROBOOST_WATCH,LEGACY_EPISODE,False,5scr.legacy-m15-gap.v1,NOT_EVALUATED_CLOSED_CANDLES_REQUIRED
RAW_REPLAY,legacy:CADCHF:20260719T220116.104285Z:e4b2cfcdd5770328,CADCHF,BUY,2026-07-19T22:01:16.104285+00:00,2026-07-19T22:03:29.712180+00:00,2,False,1,MICROBOOST_WATCH,LEGACY_EPISODE,False,5scr.legacy-m15-gap.v1,NOT_EVALUATED_CLOSED_CANDLES_REQUIRED
RAW_REPLAY,legacy:XAUUSD:20260719T220120.147491Z:de965306ffda6278,XAUUSD,BUY,2026-07-19T22:01:20.147491+00:00,2026-07-19T22:03:29.898609+00:00,2,False,1,MICROBOOST_WATCH,LEGACY_EPISODE,False,5scr.legacy-m15-gap.v1,NOT_EVALUATED_CLOSED_CANDLES_REQUIRED
RAW_REPLAY,legacy:USDJPY:20260719T220222.422475Z:3970670c73d18590,USDJPY,BUY,2026-07-19T22:02:22.422475+00:00,2026-07-19T22:02:22.422475+00:00,1,False,1,MICROBOOST_WATCH,LEGACY_EPISODE,False,5scr.legacy-m15-gap.v1,NOT_EVALUATED_CLOSED_CANDLES_REQUIRED
RAW_REPLAY,USDJPY_20260719T220028Z_20260719T220528Z,USDJPY,BUY,2026-07-19T22:05:34.663512+00:00,2026-07-19T22:25:43.054108+00:00,7,False,3,PRESSURE_CANARY,SOURCE_CLEAN_BLOCK_ID,True,,NOT_EVALUATED_CLOSED_CANDLES_REQUIRED
RAW_REPLAY,NZDCHF_20260719T220009Z_20260719T220509Z,NZDCHF,BUY,2026-07-19T22:05:37.883087+00:00,2026-07-19T22:15:53.379340+00:00,7,True,3,MICROBOOST_WATCH,SOURCE_CLEAN_BLOCK_ID,True,,NOT_EVALUATED_CLOSED_CANDLES_REQUIRED
RAW_REPLAY,CADCHF_20260719T220009Z_20260719T220509Z,CADCHF,BUY,2026-07-19T22:05:38.544730+00:00,2026-07-19T22:26:07.714525+00:00,7,False,3,PRESSURE_CANARY,SOURCE_CLEAN_BLOCK_ID,True,,NOT_EVALUATED_CLOSED_CANDLES_REQUIRED
RAW_REPLAY,XAUUSD_20260719T220010Z_20260719T220510Z,XAUUSD,BUY,2026-07-19T22:05:38.853259+00:00,2026-07-19T23:00:06.792904+00:00,8,False,3,PRESSURE_CANARY,SOURCE_CLEAN_BLOCK_ID,True,,NOT_EVALUATED_CLOSED_CANDLES_REQUIRED
RAW_REPLAY,NZDUSD_20260719T220007Z_20260719T220507Z,NZDUSD,BUY,2026-07-19T22:06:55.862078+00:00,2026-07-19T22:15:49.133924+00:00,5,False,1,MICROBOOST_WATCH,SOURCE_CLEAN_BLOCK_ID,True,,NOT_EVALUATED_CLOSED_CANDLES_REQUIRED
RAW_REPLAY,EURGBP_20260719T220007Z_20260719T220507Z,EURGBP,SELL,2026-07-19T22:06:56.369021+00:00,2026-07-19T22:15:49.583526+00:00,5,False,1,MICROBOOST_WATCH,SOURCE_CLEAN_BLOCK_ID,True,,NOT_EVALUATED_CLOSED_CANDLES_REQUIRED
RAW_REPLAY,EURNZD_20260719T220008Z_20260719T220508Z,EURNZD,SELL,2026-07-19T22:06:56.862310+00:00,2026-07-19T22:25:54.235444+00:00,6,False,3,PRESSURE_CANARY,SOURCE_CLEAN_BLOCK_ID,True,,NOT_EVALUATED_CLOSED_CANDLES_REQUIRED
RAW_REPLAY,GBPCHF_20260719T220008Z_20260719T220508Z,GBPCHF,BUY,2026-07-19T22:06:57.346140+00:00,2026-07-19T22:15:51.165413+00:00,5,False,1,MICROBOOST_WATCH,SOURCE_CLEAN_BLOCK_ID,True,,NOT_EVALUATED_CLOSED_CANDLES_REQUIRED
RAW_REPLAY,GBPJPY_20260719T220008Z_20260719T220508Z,GBPJPY,BUY,2026-07-19T22:06:57.737382+00:00,2026-07-19T22:25:55.918915+00:00,6,False,3,PRESSURE_CANARY,SOURCE_CLEAN_BLOCK_ID,True,,NOT_EVALUATED_CLOSED_CANDLES_REQUIRED
RAW_REPLAY,AUDJPY_20260719T220008Z_20260719T220508Z,AUDJPY,BUY,2026-07-19T22:06:58.468611+00:00,2026-07-19T22:26:00.089692+00:00,6,False,3,PRESSURE_CANARY,SOURCE_CLEAN_BLOCK_ID,True,,NOT_EVALUATED_CLOSED_CANDLES_REQUIRED
RAW_REPLAY,AUDCHF_20260719T220009Z_20260719T220509Z,AUDCHF,BUY,2026-07-19T22:06:58.841600+00:00,2026-07-19T22:26:03.685083+00:00,6,False,3,PRESSURE_CANARY,SOURCE_CLEAN_BLOCK_ID,True,,NOT_EVALUATED_CLOSED_CANDLES_REQUIRED
RAW_REPLAY,NZDJPY_20260719T220009Z_20260719T220509Z,NZDJPY,BUY,2026-07-19T22:09:11.027736+00:00,2026-07-19T22:26:04.740196+00:00,5,False,3,PRESSURE_CANARY,SOURCE_CLEAN_BLOCK_ID,True,,NOT_EVALUATED_CLOSED_CANDLES_REQUIRED
RAW_REPLAY,CADCHF_20260719T230119Z_20260719T230619Z,CADCHF,BUY,2026-07-20T01:00:04.397599+00:00,2026-07-20T01:00:04.397599+00:00,1,False,3,PRESSURE_CANARY,SOURCE_CLEAN_BLOCK_ID,True,,NOT_EVALUATED_CLOSED_CANDLES_REQUIRED
RAW_REPLAY,GBPUSD_20260720T050047Z_20260720T050547Z,GBPUSD,BUY,2026-07-20T06:02:36.911367+00:00,2026-07-20T06:02:36.911367+00:00,1,False,3,PRESSURE_CANARY,SOURCE_CLEAN_BLOCK_ID,True,,NOT_EVALUATED_CLOSED_CANDLES_REQUIRED
RAW_REPLAY,legacy:GBPUSD:20260720T065120.081562Z:87a478c8f61a74fd,GBPUSD,BUY,2026-07-20T06:51:20.081562+00:00,2026-07-20T06:55:00.689768+00:00,3,False,3,MICROBOOST_WATCH,LEGACY_EPISODE,False,5scr.legacy-m15-gap.v1,NOT_EVALUATED_CLOSED_CANDLES_REQUIRED
RAW_REPLAY,legacy:AUDUSD:20260720T065123.937946Z:7366516356078dc8,AUDUSD,BUY,2026-07-20T06:51:23.937946+00:00,2026-07-20T06:56:22.997427+00:00,3,False,3,MICROBOOST_WATCH,LEGACY_EPISODE,False,5scr.legacy-m15-gap.v1,NOT_EVALUATED_CLOSED_CANDLES_REQUIRED
RAW_REPLAY,legacy:EURGBP:20260720T065126.236846Z:47c56dfe35316f06,EURGBP,SELL,2026-07-20T06:51:26.236846+00:00,2026-07-20T06:56:23.583448+00:00,4,False,3,MICROBOOST_WATCH,LEGACY_EPISODE,False,5scr.legacy-m15-gap.v1,NOT_EVALUATED_CLOSED_CANDLES_REQUIRED
RAW_REPLAY,legacy:NZDUSD:20260720T065126.930659Z:1115777ac7d4c333,NZDUSD,BUY,2026-07-20T06:51:26.930659+00:00,2026-07-20T06:55:03.579998+00:00,3,False,3,MICROBOOST_WATCH,LEGACY_EPISODE,False,5scr.legacy-m15-gap.v1,NOT_EVALUATED_CLOSED_CANDLES_REQUIRED
RAW_REPLAY,legacy:EURAUD:20260720T065130.561597Z:8767a73026096394,EURAUD,SELL,2026-07-20T06:51:30.561597+00:00,2026-07-20T06:56:16.986085+00:00,4,False,3,MICROBOOST_WATCH,LEGACY_EPISODE,False,5scr.legacy-m15-gap.v1,NOT_EVALUATED_CLOSED_CANDLES_REQUIRED
RAW_REPLAY,legacy:GBPJPY:20260720T065133.608484Z:6a3d6a1daef0a037,GBPJPY,BUY,2026-07-20T06:51:33.608484+00:00,2026-07-20T06:56:17.714881+00:00,4,False,3,MICROBOOST_WATCH,LEGACY_EPISODE,False,5scr.legacy-m15-gap.v1,NOT_EVALUATED_CLOSED_CANDLES_REQUIRED
RAW_REPLAY,legacy:GBPNZD:20260720T065137.344223Z:699b9ac5b9a32264,GBPNZD,SELL,2026-07-20T06:51:37.344223+00:00,2026-07-20T06:56:26.460474+00:00,4,False,3,MICROBOOST_WATCH,LEGACY_EPISODE,False,5scr.legacy-m15-gap.v1,NOT_EVALUATED_CLOSED_CANDLES_REQUIRED
RAW_REPLAY,legacy:AUDJPY:20260720T065139.586981Z:0851b0e47629bae6,AUDJPY,BUY,2026-07-20T06:51:39.586981+00:00,2026-07-20T06:56:18.787476+00:00,4,False,3,MICROBOOST_WATCH,LEGACY_EPISODE,False,5scr.legacy-m15-gap.v1,NOT_EVALUATED_CLOSED_CANDLES_REQUIRED
RAW_REPLAY,legacy:AUDCHF:20260720T065142.343230Z:90c0ecd1d25b0fca,AUDCHF,BUY,2026-07-20T06:51:42.343230+00:00,2026-07-20T06:56:19.972373+00:00,3,False,3,MICROBOOST_WATCH,LEGACY_EPISODE,False,5scr.legacy-m15-gap.v1,NOT_EVALUATED_CLOSED_CANDLES_REQUIRED
RAW_REPLAY,legacy:NZDJPY:20260720T065142.781436Z:788e11a8ad278760,NZDJPY,BUY,2026-07-20T06:51:42.781436+00:00,2026-07-20T06:56:20.292529+00:00,3,False,3,MICROBOOST_WATCH,LEGACY_EPISODE,False,5scr.legacy-m15-gap.v1,NOT_EVALUATED_CLOSED_CANDLES_REQUIRED
RAW_REPLAY,legacy:NZDCHF:20260720T065143.297763Z:4bf174abc8192316,NZDCHF,BUY,2026-07-20T06:51:43.297763+00:00,2026-07-20T06:51:43.297763+00:00,1,True,3,PRESSURE_CANARY,LEGACY_EPISODE,False,5scr.legacy-m15-gap.v1,NOT_EVALUATED_CLOSED_CANDLES_REQUIRED
RAW_REPLAY,legacy:GBPCHF:20260720T065207.819283Z:6da62eba03db4d35,GBPCHF,BUY,2026-07-20T06:52:07.819283+00:00,2026-07-20T06:56:12.290645+00:00,3,False,1,MICROBOOST_WATCH,LEGACY_EPISODE,False,5scr.legacy-m15-gap.v1,NOT_EVALUATED_CLOSED_CANDLES_REQUIRED
RAW_REPLAY,legacy:EURNZD:20260720T065209.878706Z:04757e143cc62814,EURNZD,SELL,2026-07-20T06:52:09.878706+00:00,2026-07-20T06:56:06.468328+00:00,3,False,1,MICROBOOST_WATCH,LEGACY_EPISODE,False,5scr.legacy-m15-gap.v1,NOT_EVALUATED_CLOSED_CANDLES_REQUIRED
RAW_REPLAY,legacy:AUDCAD:20260720T065222.908869Z:131249065dba8afa,AUDCAD,BUY,2026-07-20T06:52:22.908869+00:00,2026-07-20T06:56:08.113552+00:00,3,False,1,MICROBOOST_WATCH,LEGACY_EPISODE,False,5scr.legacy-m15-gap.v1,NOT_EVALUATED_CLOSED_CANDLES_REQUIRED
RAW_REPLAY,legacy:USDCAD:20260720T065305.906352Z:5c2af851a77a249e,USDCAD,SELL,2026-07-20T06:53:05.906352+00:00,2026-07-20T06:56:22.556073+00:00,3,False,1,MICROBOOST_WATCH,LEGACY_EPISODE,False,5scr.legacy-m15-gap.v1,NOT_EVALUATED_CLOSED_CANDLES_REQUIRED
RAW_REPLAY,legacy:NZDCAD:20260720T065307.616907Z:0a632c7fb61ecdf3,NZDCAD,BUY,2026-07-20T06:53:07.616907+00:00,2026-07-20T06:56:20.526479+00:00,3,False,1,MICROBOOST_WATCH,LEGACY_EPISODE,False,5scr.legacy-m15-gap.v1,NOT_EVALUATED_CLOSED_CANDLES_REQUIRED
RAW_REPLAY,legacy:CADCHF:20260720T065309.797778Z:fcce60e8b11f5033,CADCHF,BUY,2026-07-20T06:53:09.797778+00:00,2026-07-20T06:56:29.343804+00:00,3,False,1,MICROBOOST_WATCH,LEGACY_EPISODE,False,5scr.legacy-m15-gap.v1,NOT_EVALUATED_CLOSED_CANDLES_REQUIRED
RAW_REPLAY,GBPUSD_20260720T065119Z_20260720T065619Z,GBPUSD,BUY,2026-07-20T06:56:21.698651+00:00,2026-07-20T07:20:34.440942+00:00,18,False,1,MICROBOOST_WATCH,SOURCE_CLEAN_BLOCK_ID,True,,NOT_EVALUATED_CLOSED_CANDLES_REQUIRED
RAW_REPLAY,NZDUSD_20260720T065044Z_20260720T065544Z,NZDUSD,BUY,2026-07-20T06:56:23.516320+00:00,2026-07-20T07:21:07.457473+00:00,18,False,1,MICROBOOST_WATCH,SOURCE_CLEAN_BLOCK_ID,True,,NOT_EVALUATED_CLOSED_CANDLES_REQUIRED
RAW_REPLAY,AUDCAD_20260720T065138Z_20260720T065638Z,AUDCAD,BUY,2026-07-20T06:57:23.163944+00:00,2026-07-20T07:21:20.893635+00:00,18,False,1,MICROBOOST_WATCH,SOURCE_CLEAN_BLOCK_ID,True,,NOT_EVALUATED_CLOSED_CANDLES_REQUIRED
RAW_REPLAY,EURAUD_20260720T065129Z_20260720T065629Z,EURAUD,SELL,2026-07-20T06:57:32.037140+00:00,2026-07-20T07:20:14.977268+00:00,17,False,1,MICROBOOST_WATCH,SOURCE_CLEAN_BLOCK_ID,True,,NOT_EVALUATED_CLOSED_CANDLES_REQUIRED
RAW_REPLAY,GBPJPY_20260720T065132Z_20260720T065632Z,GBPJPY,BUY,2026-07-20T06:57:32.916323+00:00,2026-07-20T07:20:17.026802+00:00,12,False,1,MICROBOOST_WATCH,SOURCE_CLEAN_BLOCK_ID,True,,NOT_EVALUATED_CLOSED_CANDLES_REQUIRED
RAW_REPLAY,EURNZD_20260720T065131Z_20260720T065631Z,EURNZD,SELL,2026-07-20T06:57:33.067753+00:00,2026-07-20T07:05:59.568565+00:00,7,False,1,MICROBOOST_WATCH,SOURCE_CLEAN_BLOCK_ID,True,,NOT_EVALUATED_CLOSED_CANDLES_REQUIRED
RAW_REPLAY,GBPCHF_20260720T065132Z_20260720T065632Z,GBPCHF,BUY,2026-07-20T06:57:33.331284+00:00,2026-07-20T07:20:18.329144+00:00,17,False,1,MICROBOOST_WATCH,SOURCE_CLEAN_BLOCK_ID,True,,NOT_EVALUATED_CLOSED_CANDLES_REQUIRED
RAW_REPLAY,AUDJPY_20260720T065137Z_20260720T065637Z,AUDJPY,BUY,2026-07-20T06:57:35.757979+00:00,2026-07-20T07:20:21.200691+00:00,17,False,1,MICROBOOST_WATCH,SOURCE_CLEAN_BLOCK_ID,True,,NOT_EVALUATED_CLOSED_CANDLES_REQUIRED
RAW_REPLAY,AUDCHF_20260720T065140Z_20260720T065640Z,AUDCHF,BUY,2026-07-20T06:57:37.270584+00:00,2026-07-20T06:59:03.481707+00:00,2,False,1,MICROBOOST_WATCH,SOURCE_CLEAN_BLOCK_ID,True,,NOT_EVALUATED_CLOSED_CANDLES_REQUIRED
RAW_REPLAY,NZDJPY_20260720T065141Z_20260720T065641Z,NZDJPY,BUY,2026-07-20T06:57:38.081167+00:00,2026-07-20T07:20:27.573832+00:00,17,False,1,MICROBOOST_WATCH,SOURCE_CLEAN_BLOCK_ID,True,,NOT_EVALUATED_CLOSED_CANDLES_REQUIRED
RAW_REPLAY,NZDCAD_20260720T065143Z_20260720T065643Z,NZDCAD,BUY,2026-07-20T06:57:39.354095+00:00,2026-07-20T07:06:10.186161+00:00,7,False,1,MICROBOOST_WATCH,SOURCE_CLEAN_BLOCK_ID,True,,NOT_EVALUATED_CLOSED_CANDLES_REQUIRED
RAW_REPLAY,USDCAD_20260720T065123Z_20260720T065623Z,USDCAD,SELL,2026-07-20T06:57:42.369156+00:00,2026-07-20T07:21:03.509159+00:00,17,False,1,MICROBOOST_WATCH,SOURCE_CLEAN_BLOCK_ID,True,,NOT_EVALUATED_CLOSED_CANDLES_REQUIRED
RAW_REPLAY,AUDUSD_20260720T065123Z_20260720T065623Z,AUDUSD,BUY,2026-07-20T06:57:43.301985+00:00,2026-07-20T07:21:05.544152+00:00,17,False,1,MICROBOOST_WATCH,SOURCE_CLEAN_BLOCK_ID,True,,NOT_EVALUATED_CLOSED_CANDLES_REQUIRED
RAW_REPLAY,EURGBP_20260720T065125Z_20260720T065625Z,EURGBP,SELL,2026-07-20T06:57:44.381554+00:00,2026-07-20T07:21:07.579617+00:00,17,False,1,MICROBOOST_WATCH,SOURCE_CLEAN_BLOCK_ID,True,,NOT_EVALUATED_CLOSED_CANDLES_REQUIRED
RAW_REPLAY,GBPNZD_20260720T065135Z_20260720T065635Z,GBPNZD,SELL,2026-07-20T06:57:49.063097+00:00,2026-07-20T07:20:21.604983+00:00,16,False,1,MICROBOOST_WATCH,SOURCE_CLEAN_BLOCK_ID,True,,NOT_EVALUATED_CLOSED_CANDLES_REQUIRED
RAW_REPLAY,CADCHF_20260720T065144Z_20260720T065644Z,CADCHF,BUY,2026-07-20T06:57:54.267444+00:00,2026-07-20T07:20:29.495848+00:00,16,False,1,MICROBOOST_WATCH,SOURCE_CLEAN_BLOCK_ID,True,,NOT_EVALUATED_CLOSED_CANDLES_REQUIRED
RAW_REPLAY,NZDCHF_20260720T065141Z_20260720T065641Z,NZDCHF,BUY,2026-07-20T06:59:55.031308+00:00,2026-07-20T07:05:44.715331+00:00,5,False,1,MICROBOOST_WATCH,SOURCE_CLEAN_BLOCK_ID,True,,NOT_EVALUATED_CLOSED_CANDLES_REQUIRED
RAW_REPLAY,legacy:AUDNZD:20260720T070010.127043Z:93e09d66fa2c6e9a,AUDNZD,SELL,2026-07-20T07:00:10.127043+00:00,2026-07-20T07:04:31.033215+00:00,4,False,1,MICROBOOST_WATCH,LEGACY_EPISODE,False,5scr.legacy-m15-gap.v1,NOT_EVALUATED_CLOSED_CANDLES_REQUIRED
RAW_REPLAY,legacy:EURUSD:20260720T070016.494486Z:1b65d8292eb6dfb8,EURUSD,BUY,2026-07-20T07:00:16.494486+00:00,2026-07-20T07:04:17.730209+00:00,4,False,1,MICROBOOST_WATCH,LEGACY_EPISODE,False,5scr.legacy-m15-gap.v1,NOT_EVALUATED_CLOSED_CANDLES_REQUIRED
RAW_REPLAY,EURUSD_20260720T070016Z_20260720T070516Z,EURUSD,BUY,2026-07-20T07:05:51.568631+00:00,2026-07-20T07:05:51.568631+00:00,1,False,1,MICROBOOST_WATCH,SOURCE_CLEAN_BLOCK_ID,True,,NOT_EVALUATED_CLOSED_CANDLES_REQUIRED
RAW_REPLAY,AUDNZD_20260720T070010Z_20260720T070510Z,AUDNZD,SELL,2026-07-20T07:06:04.587244+00:00,2026-07-20T07:06:04.587244+00:00,1,False,1,MICROBOOST_WATCH,SOURCE_CLEAN_BLOCK_ID,True,,NOT_EVALUATED_CLOSED_CANDLES_REQUIRED
RAW_REPLAY,legacy:AUDJPY:20260720T152208.967114Z:ac7811d80861ced3,AUDJPY,BUY,2026-07-20T15:22:08.967114+00:00,2026-07-20T15:23:39.478256+00:00,2,False,3,PRESSURE_CANARY,LEGACY_EPISODE,False,5scr.legacy-m15-gap.v1,NOT_EVALUATED_CLOSED_CANDLES_REQUIRED
RAW_REPLAY,legacy:AUDCAD:20260720T152209.985287Z:03c2bd797ecf6dc2,AUDCAD,BUY,2026-07-20T15:22:09.985287+00:00,2026-07-20T15:23:40.368097+00:00,2,False,3,PRESSURE_CANARY,LEGACY_EPISODE,False,5scr.legacy-m15-gap.v1,NOT_EVALUATED_CLOSED_CANDLES_REQUIRED
RAW_REPLAY,legacy:NZDCAD:20260720T152214.939692Z:bba28d90c8f25725,NZDCAD,BUY,2026-07-20T15:22:14.939692+00:00,2026-07-20T15:23:45.386384+00:00,2,False,3,PRESSURE_CANARY,LEGACY_EPISODE,False,5scr.legacy-m15-gap.v1,NOT_EVALUATED_CLOSED_CANDLES_REQUIRED
RAW_REPLAY,legacy:XAUUSD:20260720T152218.656058Z:8c585d44d0d983b1,XAUUSD,BUY,2026-07-20T15:22:18.656058+00:00,2026-07-20T15:23:48.989102+00:00,2,False,3,PRESSURE_CANARY,LEGACY_EPISODE,False,5scr.legacy-m15-gap.v1,NOT_EVALUATED_CLOSED_CANDLES_REQUIRED
RAW_REPLAY,legacy:XAGUSD:20260720T152219.121334Z:3d62b99a2a110278,XAGUSD,BUY,2026-07-20T15:22:19.121334+00:00,2026-07-20T15:23:49.571806+00:00,2,False,3,PRESSURE_CANARY,LEGACY_EPISODE,False,5scr.legacy-m15-gap.v1,NOT_EVALUATED_CLOSED_CANDLES_REQUIRED
RAW_REPLAY,legacy:AUDUSD:20260720T152325.492864Z:050e7d62746df76b,AUDUSD,BUY,2026-07-20T15:23:25.492864+00:00,2026-07-20T15:26:13.172727+00:00,2,True,3,PRESSURE_CANARY,LEGACY_EPISODE,False,5scr.legacy-m15-gap.v1,NOT_EVALUATED_CLOSED_CANDLES_REQUIRED
RAW_REPLAY,legacy:EURGBP:20260720T152327.895886Z:6ecf6108687caab3,EURGBP,SELL,2026-07-20T15:23:27.895886+00:00,2026-07-20T15:23:27.895886+00:00,1,False,3,PRESSURE_CANARY,LEGACY_EPISODE,False,5scr.legacy-m15-gap.v1,NOT_EVALUATED_CLOSED_CANDLES_REQUIRED
RAW_REPLAY,legacy:EURCHF:20260720T152330.394866Z:53c00fd116aeaa39,EURCHF,BUY,2026-07-20T15:23:30.394866+00:00,2026-07-20T15:23:30.394866+00:00,1,False,3,PRESSURE_CANARY,LEGACY_EPISODE,False,5scr.legacy-m15-gap.v1,NOT_EVALUATED_CLOSED_CANDLES_REQUIRED
RAW_REPLAY,legacy:EURAUD:20260720T152330.928370Z:cfa455af1488a9ee,EURAUD,SELL,2026-07-20T15:23:30.928370+00:00,2026-07-20T15:23:30.928370+00:00,1,False,3,PRESSURE_CANARY,LEGACY_EPISODE,False,5scr.legacy-m15-gap.v1,NOT_EVALUATED_CLOSED_CANDLES_REQUIRED
RAW_REPLAY,legacy:EURNZD:20260720T152333.489812Z:f24820c56f954e5c,EURNZD,SELL,2026-07-20T15:23:33.489812+00:00,2026-07-20T15:23:33.489812+00:00,1,False,3,PRESSURE_CANARY,LEGACY_EPISODE,False,5scr.legacy-m15-gap.v1,NOT_EVALUATED_CLOSED_CANDLES_REQUIRED
RAW_REPLAY,legacy:GBPCHF:20260720T152334.341700Z:4293aad4f69f37d6,GBPCHF,BUY,2026-07-20T15:23:34.341700+00:00,2026-07-20T15:23:34.341700+00:00,1,False,3,PRESSURE_CANARY,LEGACY_EPISODE,False,5scr.legacy-m15-gap.v1,NOT_EVALUATED_CLOSED_CANDLES_REQUIRED
RAW_REPLAY,legacy:GBPAUD:20260720T152336.925145Z:0835dfd5c1337636,GBPAUD,SELL,2026-07-20T15:23:36.925145+00:00,2026-07-20T15:23:36.925145+00:00,1,False,3,PRESSURE_CANARY,LEGACY_EPISODE,False,5scr.legacy-m15-gap.v1,NOT_EVALUATED_CLOSED_CANDLES_REQUIRED
RAW_REPLAY,legacy:GBPNZD:20260720T152337.895756Z:1a0d9eb8c3a875d3,GBPNZD,SELL,2026-07-20T15:23:37.895756+00:00,2026-07-20T15:23:37.895756+00:00,1,False,3,PRESSURE_CANARY,LEGACY_EPISODE,False,5scr.legacy-m15-gap.v1,NOT_EVALUATED_CLOSED_CANDLES_REQUIRED
RAW_REPLAY,legacy:AUDCHF:20260720T152342.386383Z:5ae641aa182ce7d5,AUDCHF,BUY,2026-07-20T15:23:42.386383+00:00,2026-07-20T15:23:42.386383+00:00,1,False,3,PRESSURE_CANARY,LEGACY_EPISODE,False,5scr.legacy-m15-gap.v1,NOT_EVALUATED_CLOSED_CANDLES_REQUIRED
RAW_REPLAY,legacy:NZDCHF:20260720T152342.879952Z:991eafa6c5227e34,NZDCHF,BUY,2026-07-20T15:23:42.879952+00:00,2026-07-20T15:23:42.879952+00:00,1,False,3,PRESSURE_CANARY,LEGACY_EPISODE,False,5scr.legacy-m15-gap.v1,NOT_EVALUATED_CLOSED_CANDLES_REQUIRED
RAW_REPLAY,EURUSD_20260721T190454Z_20260721T190954Z,EURUSD,SELL,2026-07-21T21:04:27.910410+00:00,2026-07-21T21:04:27.910410+00:00,1,False,3,PRESSURE_CANARY,SOURCE_CLEAN_BLOCK_ID,True,,NOT_EVALUATED_CLOSED_CANDLES_REQUIRED
RAW_REPLAY,USDCAD_20260722T060014Z_20260722T060514Z,USDCAD,SELL,2026-07-22T06:20:24.268876+00:00,2026-07-22T06:28:45.904811+00:00,2,False,3,PRESSURE_CANARY,SOURCE_CLEAN_BLOCK_ID,True,,NOT_EVALUATED_CLOSED_CANDLES_REQUIRED
RAW_REPLAY,EURUSD_20260722T043006Z_20260722T043506Z,EURUSD,BUY,2026-07-22T06:20:32.491527+00:00,2026-07-22T06:28:54.185602+00:00,2,False,3,PRESSURE_CANARY,SOURCE_CLEAN_BLOCK_ID,True,,NOT_EVALUATED_CLOSED_CANDLES_REQUIRED
RAW_REPLAY,XAUUSD_20260722T190643Z_20260722T191143Z,XAUUSD,BUY,2026-07-22T21:06:34.459736+00:00,2026-07-22T21:06:34.459736+00:00,1,False,3,PRESSURE_CANARY,SOURCE_CLEAN_BLOCK_ID,True,,NOT_EVALUATED_CLOSED_CANDLES_REQUIRED
RAW_REPLAY,XAUUSD_20260722T190801Z_20260722T191301Z,XAUUSD,BUY,2026-07-22T21:07:52.506031+00:00,2026-07-22T21:07:52.506031+00:00,1,False,19,MICROBOOST_WATCH,SOURCE_CLEAN_BLOCK_ID,True,,NOT_EVALUATED_CLOSED_CANDLES_REQUIRED
RAW_REPLAY,XAUUSD_20260722T190922Z_20260722T191422Z,XAUUSD,BUY,2026-07-22T21:09:10.938620+00:00,2026-07-22T21:09:10.938620+00:00,1,False,36,MICROBOOST_WATCH,SOURCE_CLEAN_BLOCK_ID,True,,NOT_EVALUATED_CLOSED_CANDLES_REQUIRED
RAW_REPLAY,XAUUSD_20260722T191040Z_20260722T191540Z,XAUUSD,BUY,2026-07-22T21:10:29.093165+00:00,2026-07-22T21:10:29.093165+00:00,1,False,53,MICROBOOST_WATCH,SOURCE_CLEAN_BLOCK_ID,True,,NOT_EVALUATED_CLOSED_CANDLES_REQUIRED
RAW_REPLAY,XAUUSD_20260722T210625Z_20260722T211125Z,XAUUSD,BUY,2026-07-22T21:11:44.692916+00:00,2026-07-22T22:05:31.202748+00:00,43,False,843,MICROBOOST_WATCH,SOURCE_CLEAN_BLOCK_ID,True,,NOT_EVALUATED_CLOSED_CANDLES_REQUIRED
RAW_REPLAY,GBPNZD_20260723T090032Z_20260723T090532Z,GBPNZD,BUY,2026-07-23T11:00:20.429670+00:00,2026-07-23T11:00:20.429670+00:00,1,False,3,PRESSURE_CANARY,SOURCE_CLEAN_BLOCK_ID,True,,NOT_EVALUATED_CLOSED_CANDLES_REQUIRED
RAW_REPLAY,GBPNZD_20260723T090156Z_20260723T090656Z,GBPNZD,BUY,2026-07-23T11:01:42.416780+00:00,2026-07-23T11:01:42.416780+00:00,1,False,19,MICROBOOST_WATCH,SOURCE_CLEAN_BLOCK_ID,True,,NOT_EVALUATED_CLOSED_CANDLES_REQUIRED
RAW_REPLAY,GBPNZD_20260723T090328Z_20260723T090828Z,GBPNZD,BUY,2026-07-23T11:03:00.670314+00:00,2026-07-23T11:03:00.670314+00:00,1,False,35,MICROBOOST_WATCH,SOURCE_CLEAN_BLOCK_ID,True,,NOT_EVALUATED_CLOSED_CANDLES_REQUIRED
RAW_REPLAY,GBPNZD_20260723T090424Z_20260723T090924Z,GBPNZD,BUY,2026-07-23T11:04:16.066618+00:00,2026-07-23T11:04:16.066618+00:00,1,False,50,MICROBOOST_WATCH,SOURCE_CLEAN_BLOCK_ID,True,,NOT_EVALUATED_CLOSED_CANDLES_REQUIRED
RAW_REPLAY,GBPNZD_20260723T110009Z_20260723T110509Z,GBPNZD,BUY,2026-07-23T11:05:34.202177+00:00,2026-07-23T11:28:49.712124+00:00,19,False,159,MICROBOOST_WATCH,SOURCE_CLEAN_BLOCK_ID,True,,NOT_EVALUATED_CLOSED_CANDLES_REQUIRED
RAW_REPLAY,legacy:CHFJPY:20260723T111511.906733Z:d38e68158fb8e9d1,CHFJPY,SELL,2026-07-23T11:15:11.906733+00:00,2026-07-23T11:19:14.725686+00:00,4,False,1,MICROBOOST_WATCH,LEGACY_EPISODE,False,5scr.legacy-m15-gap.v1,NOT_EVALUATED_CLOSED_CANDLES_REQUIRED
RAW_REPLAY,USDCHF_20260723T091518Z_20260723T092018Z,USDCHF,BUY,2026-07-23T11:15:15.092297+00:00,2026-07-23T11:15:15.092297+00:00,1,False,1,MICROBOOST_WATCH,SOURCE_CLEAN_BLOCK_ID,True,,NOT_EVALUATED_CLOSED_CANDLES_REQUIRED
RAW_REPLAY,EURCAD_20260723T091522Z_20260723T092022Z,EURCAD,SELL,2026-07-23T11:15:18.630113+00:00,2026-07-23T11:15:18.630113+00:00,1,False,1,MICROBOOST_WATCH,SOURCE_CLEAN_BLOCK_ID,True,,NOT_EVALUATED_CLOSED_CANDLES_REQUIRED
RAW_REPLAY,USDCHF_20260723T091641Z_20260723T092141Z,USDCHF,BUY,2026-07-23T11:16:31.782934+00:00,2026-07-23T11:16:31.782934+00:00,1,False,1,MICROBOOST_WATCH,SOURCE_CLEAN_BLOCK_ID,True,,NOT_EVALUATED_CLOSED_CANDLES_REQUIRED
RAW_REPLAY,EURCAD_20260723T091650Z_20260723T092150Z,EURCAD,SELL,2026-07-23T11:16:35.249712+00:00,2026-07-23T11:16:35.249712+00:00,1,False,1,MICROBOOST_WATCH,SOURCE_CLEAN_BLOCK_ID,True,,NOT_EVALUATED_CLOSED_CANDLES_REQUIRED
RAW_REPLAY,USDCHF_20260723T091806Z_20260723T092306Z,USDCHF,BUY,2026-07-23T11:18:00.732637+00:00,2026-07-23T11:18:00.732637+00:00,1,False,1,MICROBOOST_WATCH,SOURCE_CLEAN_BLOCK_ID,True,,NOT_EVALUATED_CLOSED_CANDLES_REQUIRED
RAW_REPLAY,EURCAD_20260723T091812Z_20260723T092312Z,EURCAD,SELL,2026-07-23T11:18:04.793863+00:00,2026-07-23T11:18:04.793863+00:00,1,False,1,MICROBOOST_WATCH,SOURCE_CLEAN_BLOCK_ID,True,,NOT_EVALUATED_CLOSED_CANDLES_REQUIRED
RAW_REPLAY,USDCHF_20260723T091933Z_20260723T092433Z,USDCHF,BUY,2026-07-23T11:19:18.872798+00:00,2026-07-23T11:19:18.872798+00:00,1,False,1,MICROBOOST_WATCH,SOURCE_CLEAN_BLOCK_ID,True,,NOT_EVALUATED_CLOSED_CANDLES_REQUIRED
RAW_REPLAY,EURCAD_20260723T091939Z_20260723T092439Z,EURCAD,SELL,2026-07-23T11:19:22.371735+00:00,2026-07-23T11:19:22.371735+00:00,1,False,1,MICROBOOST_WATCH,SOURCE_CLEAN_BLOCK_ID,True,,NOT_EVALUATED_CLOSED_CANDLES_REQUIRED
RAW_REPLAY,CHFJPY_20260723T111511Z_20260723T112011Z,CHFJPY,SELL,2026-07-23T11:20:32.014588+00:00,2026-07-23T11:29:40.359548+00:00,8,False,1,MICROBOOST_WATCH,SOURCE_CLEAN_BLOCK_ID,True,,NOT_EVALUATED_CLOSED_CANDLES_REQUIRED
RAW_REPLAY,USDCHF_20260723T092056Z_20260723T092556Z,USDCHF,BUY,2026-07-23T11:20:35.352275+00:00,2026-07-23T11:20:35.352275+00:00,1,False,1,MICROBOOST_WATCH,SOURCE_CLEAN_BLOCK_ID,True,,NOT_EVALUATED_CLOSED_CANDLES_REQUIRED
RAW_REPLAY,EURCAD_20260723T092102Z_20260723T092602Z,EURCAD,SELL,2026-07-23T11:20:39.442951+00:00,2026-07-23T11:20:39.442951+00:00,1,False,1,MICROBOOST_WATCH,SOURCE_CLEAN_BLOCK_ID,True,,NOT_EVALUATED_CLOSED_CANDLES_REQUIRED
RAW_REPLAY,USDCHF_20260723T092152Z_20260723T092652Z,USDCHF,BUY,2026-07-23T11:21:52.614463+00:00,2026-07-23T11:21:52.614463+00:00,1,False,1,MICROBOOST_WATCH,SOURCE_CLEAN_BLOCK_ID,True,,NOT_EVALUATED_CLOSED_CANDLES_REQUIRED
RAW_REPLAY,EURCAD_20260723T092158Z_20260723T092658Z,EURCAD,SELL,2026-07-23T11:21:56.915406+00:00,2026-07-23T11:21:56.915406+00:00,1,False,1,MICROBOOST_WATCH,SOURCE_CLEAN_BLOCK_ID,True,,NOT_EVALUATED_CLOSED_CANDLES_REQUIRED
RAW_REPLAY,USDCHF_20260723T092315Z_20260723T092815Z,USDCHF,BUY,2026-07-23T11:23:10.921779+00:00,2026-07-23T11:23:10.921779+00:00,1,False,1,MICROBOOST_WATCH,SOURCE_CLEAN_BLOCK_ID,True,,NOT_EVALUATED_CLOSED_CANDLES_REQUIRED
RAW_REPLAY,EURCAD_20260723T092321Z_20260723T092821Z,EURCAD,SELL,2026-07-23T11:23:14.657980+00:00,2026-07-23T11:23:14.657980+00:00,1,False,1,MICROBOOST_WATCH,SOURCE_CLEAN_BLOCK_ID,True,,NOT_EVALUATED_CLOSED_CANDLES_REQUIRED
RAW_REPLAY,USDCHF_20260723T092437Z_20260723T092937Z,USDCHF,BUY,2026-07-23T11:24:29.992269+00:00,2026-07-23T11:24:29.992269+00:00,1,False,1,MICROBOOST_WATCH,SOURCE_CLEAN_BLOCK_ID,True,,NOT_EVALUATED_CLOSED_CANDLES_REQUIRED
RAW_REPLAY,EURCAD_20260723T092443Z_20260723T092943Z,EURCAD,SELL,2026-07-23T11:24:34.644100+00:00,2026-07-23T11:24:34.644100+00:00,1,False,1,MICROBOOST_WATCH,SOURCE_CLEAN_BLOCK_ID,True,,NOT_EVALUATED_CLOSED_CANDLES_REQUIRED
RAW_REPLAY,USDCHF_20260723T092602Z_20260723T093102Z,USDCHF,BUY,2026-07-23T11:25:48.571993+00:00,2026-07-23T11:25:48.571993+00:00,1,False,1,MICROBOOST_WATCH,SOURCE_CLEAN_BLOCK_ID,True,,NOT_EVALUATED_CLOSED_CANDLES_REQUIRED
RAW_REPLAY,EURCAD_20260723T092608Z_20260723T093108Z,EURCAD,SELL,2026-07-23T11:25:52.434117+00:00,2026-07-23T11:25:52.434117+00:00,1,False,1,MICROBOOST_WATCH,SOURCE_CLEAN_BLOCK_ID,True,,NOT_EVALUATED_CLOSED_CANDLES_REQUIRED
RAW_REPLAY,USDCHF_20260723T092724Z_20260723T093224Z,USDCHF,BUY,2026-07-23T11:27:08.395178+00:00,2026-07-23T11:27:08.395178+00:00,1,False,1,MICROBOOST_WATCH,SOURCE_CLEAN_BLOCK_ID,True,,NOT_EVALUATED_CLOSED_CANDLES_REQUIRED
RAW_REPLAY,EURCAD_20260723T092731Z_20260723T093231Z,EURCAD,SELL,2026-07-23T11:27:12.281387+00:00,2026-07-23T11:27:12.281387+00:00,1,False,1,MICROBOOST_WATCH,SOURCE_CLEAN_BLOCK_ID,True,,NOT_EVALUATED_CLOSED_CANDLES_REQUIRED
RAW_REPLAY,USDCHF_20260723T092847Z_20260723T093347Z,USDCHF,BUY,2026-07-23T11:28:25.493627+00:00,2026-07-23T11:28:25.493627+00:00,1,False,1,MICROBOOST_WATCH,SOURCE_CLEAN_BLOCK_ID,True,,NOT_EVALUATED_CLOSED_CANDLES_REQUIRED
RAW_REPLAY,EURCAD_20260723T092853Z_20260723T093353Z,EURCAD,SELL,2026-07-23T11:28:31.833557+00:00,2026-07-23T11:28:31.833557+00:00,1,False,1,MICROBOOST_WATCH,SOURCE_CLEAN_BLOCK_ID,True,,NOT_EVALUATED_CLOSED_CANDLES_REQUIRED
RAW_REPLAY,USDCHF_20260723T093014Z_20260723T093514Z,USDCHF,BUY,2026-07-23T11:29:43.240470+00:00,2026-07-23T11:29:43.240470+00:00,1,False,1,MICROBOOST_WATCH,SOURCE_CLEAN_BLOCK_ID,True,,NOT_EVALUATED_CLOSED_CANDLES_REQUIRED
RAW_REPLAY,legacy:EURUSD:20260723T173012.996052Z:ab9252f5fad539e6,EURUSD,SELL,2026-07-23T17:30:12.996052+00:00,2026-07-23T17:30:12.996052+00:00,1,False,3,PRESSURE_CANARY,LEGACY_EPISODE,False,5scr.legacy-m15-gap.v1,NOT_EVALUATED_CLOSED_CANDLES_REQUIRED
RAW_REPLAY,legacy:USDCHF:20260723T173016.484341Z:119518abb880cfe9,USDCHF,BUY,2026-07-23T17:30:16.484341+00:00,2026-07-23T17:30:16.484341+00:00,1,False,3,PRESSURE_CANARY,LEGACY_EPISODE,False,5scr.legacy-m15-gap.v1,NOT_EVALUATED_CLOSED_CANDLES_REQUIRED
RAW_REPLAY,legacy:EURGBP:20260723T173019.183546Z:07e69a333c31b2b6,EURGBP,BUY,2026-07-23T17:30:19.183546+00:00,2026-07-23T17:30:19.183546+00:00,1,True,3,PRESSURE_CANARY,LEGACY_EPISODE,False,5scr.legacy-m15-gap.v1,NOT_EVALUATED_CLOSED_CANDLES_REQUIRED
RAW_REPLAY,legacy:EURJPY:20260723T173021.978559Z:f222fb17a2ba9441,EURJPY,BUY,2026-07-23T17:30:21.978559+00:00,2026-07-23T17:30:21.978559+00:00,1,False,3,PRESSURE_CANARY,LEGACY_EPISODE,False,5scr.legacy-m15-gap.v1,NOT_EVALUATED_CLOSED_CANDLES_REQUIRED
RAW_REPLAY,legacy:EURCHF:20260723T173024.670466Z:21997a543e967130,EURCHF,BUY,2026-07-23T17:30:24.670466+00:00,2026-07-23T17:30:24.670466+00:00,1,False,3,PRESSURE_CANARY,LEGACY_EPISODE,False,5scr.legacy-m15-gap.v1,NOT_EVALUATED_CLOSED_CANDLES_REQUIRED
RAW_REPLAY,legacy:EURCAD:20260723T173026.048914Z:063ff0a051cdfcab,EURCAD,SELL,2026-07-23T17:30:26.048914+00:00,2026-07-23T17:30:26.048914+00:00,1,False,3,PRESSURE_CANARY,LEGACY_EPISODE,False,5scr.legacy-m15-gap.v1,NOT_EVALUATED_CLOSED_CANDLES_REQUIRED
RAW_REPLAY,legacy:AUDNZD:20260723T173037.041055Z:50833658d0498b18,AUDNZD,BUY,2026-07-23T17:30:37.041055+00:00,2026-07-23T17:34:02.255591+00:00,4,True,3,PRESSURE_CANARY,LEGACY_EPISODE,False,5scr.legacy-m15-gap.v1,NOT_EVALUATED_CLOSED_CANDLES_REQUIRED
RAW_REPLAY,legacy:XAGUSD:20260723T173049.062540Z:2d2a68f1a9e900e1,XAGUSD,SELL,2026-07-23T17:30:49.062540+00:00,2026-07-23T17:30:49.062540+00:00,1,False,3,PRESSURE_CANARY,LEGACY_EPISODE,False,5scr.legacy-m15-gap.v1,NOT_EVALUATED_CLOSED_CANDLES_REQUIRED
RAW_REPLAY,legacy:GBPNZD:20260723T173107.986000Z:9b54c48c09a5bb2a,GBPNZD,BUY,2026-07-23T17:31:07.986000+00:00,2026-07-23T17:31:07.986000+00:00,1,False,3,PRESSURE_CANARY,LEGACY_EPISODE,False,5scr.legacy-m15-gap.v1,NOT_EVALUATED_CLOSED_CANDLES_REQUIRED
RAW_REPLAY,legacy:AUDCHF:20260723T173118.213463Z:dd68c54eae2b38ae,AUDCHF,BUY,2026-07-23T17:31:18.213463+00:00,2026-07-23T17:31:18.213463+00:00,1,False,3,PRESSURE_CANARY,LEGACY_EPISODE,False,5scr.legacy-m15-gap.v1,NOT_EVALUATED_CLOSED_CANDLES_REQUIRED
RAW_REPLAY,EURCAD_20260723T173024Z_20260723T173524Z,EURCAD,SELL,2026-07-23T17:36:02.814146+00:00,2026-07-23T17:36:02.814146+00:00,1,False,3,PRESSURE_CANARY,SOURCE_CLEAN_BLOCK_ID,True,,NOT_EVALUATED_CLOSED_CANDLES_REQUIRED
RAW_REPLAY,legacy:EURCHF:20260723T203119.516632Z:f9cafcf43ba96d3d,EURCHF,BUY,2026-07-23T20:31:19.516632+00:00,2026-07-23T20:34:05.707404+00:00,3,False,1,MICROBOOST_WATCH,LEGACY_EPISODE,False,5scr.legacy-m15-gap.v1,NOT_EVALUATED_CLOSED_CANDLES_REQUIRED
RAW_REPLAY,legacy:EURCAD:20260723T203121.521119Z:884db20ade10d0b0,EURCAD,SELL,2026-07-23T20:31:21.521119+00:00,2026-07-23T20:34:00.469072+00:00,3,False,1,MICROBOOST_WATCH,LEGACY_EPISODE,False,5scr.legacy-m15-gap.v1,NOT_EVALUATED_CLOSED_CANDLES_REQUIRED
RAW_REPLAY,legacy:EURAUD:20260723T203124.065026Z:fbc67f48434cbe3d,EURAUD,BUY,2026-07-23T20:31:24.065026+00:00,2026-07-23T20:47:00.756536+00:00,3,False,1,MICROBOOST_WATCH,LEGACY_EPISODE,False,5scr.legacy-m15-gap.v1,NOT_EVALUATED_CLOSED_CANDLES_REQUIRED
RAW_REPLAY,legacy:EURNZD:20260723T203126.305025Z:d1c8480099465c8b,EURNZD,BUY,2026-07-23T20:31:26.305025+00:00,2026-07-23T20:35:06.498713+00:00,4,True,3,MICROBOOST_WATCH,LEGACY_EPISODE,False,5scr.legacy-m15-gap.v1,NOT_EVALUATED_CLOSED_CANDLES_REQUIRED
RAW_REPLAY,legacy:GBPJPY:20260723T203127.068710Z:1c8b017ee6120807,GBPJPY,BUY,2026-07-23T20:31:27.068710+00:00,2026-07-23T20:34:02.467199+00:00,3,False,1,MICROBOOST_WATCH,LEGACY_EPISODE,False,5scr.legacy-m15-gap.v1,NOT_EVALUATED_CLOSED_CANDLES_REQUIRED
RAW_REPLAY,legacy:GBPAUD:20260723T203130.503195Z:57e042f52bf3103b,GBPAUD,SELL,2026-07-23T20:31:30.503195+00:00,2026-07-23T20:35:00.866160+00:00,3,False,1,MICROBOOST_WATCH,LEGACY_EPISODE,False,5scr.legacy-m15-gap.v1,NOT_EVALUATED_CLOSED_CANDLES_REQUIRED
RAW_REPLAY,legacy:EURUSD:20260723T203131.136625Z:6a6db54254771898,EURUSD,SELL,2026-07-23T20:31:31.136625+00:00,2026-07-23T20:35:05.092241+00:00,3,False,1,MICROBOOST_WATCH,LEGACY_EPISODE,False,5scr.legacy-m15-gap.v1,NOT_EVALUATED_CLOSED_CANDLES_REQUIRED
RAW_REPLAY,legacy:GBPCAD:20260723T203131.530227Z:fbf997e287caf63d,GBPCAD,SELL,2026-07-23T20:31:31.530227+00:00,2026-07-23T20:35:02.814366+00:00,3,False,1,MICROBOOST_WATCH,LEGACY_EPISODE,False,5scr.legacy-m15-gap.v1,NOT_EVALUATED_CLOSED_CANDLES_REQUIRED
RAW_REPLAY,legacy:GBPNZD:20260723T203132.103923Z:edc26b1c64e825f9,GBPNZD,BUY,2026-07-23T20:31:32.103923+00:00,2026-07-23T20:35:08.383136+00:00,3,False,1,MICROBOOST_WATCH,LEGACY_EPISODE,False,5scr.legacy-m15-gap.v1,NOT_EVALUATED_CLOSED_CANDLES_REQUIRED
RAW_REPLAY,legacy:AUDJPY:20260723T203135.096855Z:0f4219d49c65f6a9,AUDJPY,BUY,2026-07-23T20:31:35.096855+00:00,2026-07-23T20:35:12.368112+00:00,3,False,1,MICROBOOST_WATCH,LEGACY_EPISODE,False,5scr.legacy-m15-gap.v1,NOT_EVALUATED_CLOSED_CANDLES_REQUIRED
RAW_REPLAY,legacy:AUDNZD:20260723T203136.517240Z:3dcaab8920ea5866,AUDNZD,BUY,2026-07-23T20:31:36.517240+00:00,2026-07-23T20:35:06.719894+00:00,4,True,3,MICROBOOST_WATCH,LEGACY_EPISODE,False,5scr.legacy-m15-gap.v1,NOT_EVALUATED_CLOSED_CANDLES_REQUIRED
RAW_REPLAY,legacy:AUDCHF:20260723T203140.013631Z:93444a50a80313fb,AUDCHF,BUY,2026-07-23T20:31:40.013631+00:00,2026-07-23T20:35:38.400840+00:00,3,False,1,MICROBOOST_WATCH,LEGACY_EPISODE,False,5scr.legacy-m15-gap.v1,NOT_EVALUATED_CLOSED_CANDLES_REQUIRED
RAW_REPLAY,legacy:GBPUSD:20260723T203144.124712Z:672abeb7d61b7e26,GBPUSD,SELL,2026-07-23T20:31:44.124712+00:00,2026-07-23T20:35:03.617233+00:00,3,False,1,MICROBOOST_WATCH,LEGACY_EPISODE,False,5scr.legacy-m15-gap.v1,NOT_EVALUATED_CLOSED_CANDLES_REQUIRED
RAW_REPLAY,legacy:CADJPY:20260723T203146.250835Z:b648eb7df1fd0a68,CADJPY,BUY,2026-07-23T20:31:46.250835+00:00,2026-07-23T20:35:02.212401+00:00,3,False,1,MICROBOOST_WATCH,LEGACY_EPISODE,False,5scr.legacy-m15-gap.v1,NOT_EVALUATED_CLOSED_CANDLES_REQUIRED
RAW_REPLAY,legacy:CHFJPY:20260723T203150.085118Z:ad23fcf318504f1b,CHFJPY,BUY,2026-07-23T20:31:50.085118+00:00,2026-07-23T20:35:00.329070+00:00,3,False,1,MICROBOOST_WATCH,LEGACY_EPISODE,False,5scr.legacy-m15-gap.v1,NOT_EVALUATED_CLOSED_CANDLES_REQUIRED
RAW_REPLAY,legacy:XAGUSD:20260723T203152.081506Z:1bd8ba7211102714,XAGUSD,SELL,2026-07-23T20:31:52.081506+00:00,2026-07-23T20:35:02.899697+00:00,3,False,1,MICROBOOST_WATCH,LEGACY_EPISODE,False,5scr.legacy-m15-gap.v1,NOT_EVALUATED_CLOSED_CANDLES_REQUIRED
RAW_REPLAY,legacy:XAUUSD:20260723T203153.844114Z:a43ff8f0c79a801f,XAUUSD,SELL,2026-07-23T20:31:53.844114+00:00,2026-07-23T20:31:53.844114+00:00,1,False,1,MICROBOOST_WATCH,LEGACY_EPISODE,False,5scr.legacy-m15-gap.v1,NOT_EVALUATED_CLOSED_CANDLES_REQUIRED
RAW_REPLAY,legacy:USDJPY:20260723T203155.673096Z:1e86556321272cd4,USDJPY,BUY,2026-07-23T20:31:55.673096+00:00,2026-07-23T20:34:06.672637+00:00,2,False,1,MICROBOOST_WATCH,LEGACY_EPISODE,False,5scr.legacy-m15-gap.v1,NOT_EVALUATED_CLOSED_CANDLES_REQUIRED
RAW_REPLAY,legacy:USDCHF:20260723T203201.234431Z:6ba78503f56f1a4e,USDCHF,BUY,2026-07-23T20:32:01.234431+00:00,2026-07-23T20:34:06.112443+00:00,2,False,1,MICROBOOST_WATCH,LEGACY_EPISODE,False,5scr.legacy-m15-gap.v1,NOT_EVALUATED_CLOSED_CANDLES_REQUIRED
RAW_REPLAY,legacy:USDCAD:20260723T203208.934822Z:9284a63a3b067110,USDCAD,SELL,2026-07-23T20:32:08.934822+00:00,2026-07-23T20:34:03.738214+00:00,2,False,1,MICROBOOST_WATCH,LEGACY_EPISODE,False,5scr.legacy-m15-gap.v1,NOT_EVALUATED_CLOSED_CANDLES_REQUIRED
RAW_REPLAY,legacy:EURJPY:20260723T203223.514861Z:1542fd1ee7265227,EURJPY,BUY,2026-07-23T20:32:23.514861+00:00,2026-07-23T20:34:01.692234+00:00,2,False,1,MICROBOOST_WATCH,LEGACY_EPISODE,False,5scr.legacy-m15-gap.v1,NOT_EVALUATED_CLOSED_CANDLES_REQUIRED
RAW_REPLAY,legacy:EURGBP:20260723T203304.870811Z:8134dfd27a36f4dc,EURGBP,BUY,2026-07-23T20:33:04.870811+00:00,2026-07-23T20:35:05.893881+00:00,2,False,1,MICROBOOST_WATCH,LEGACY_EPISODE,False,5scr.legacy-m15-gap.v1,NOT_EVALUATED_CLOSED_CANDLES_REQUIRED
RAW_REPLAY,legacy:AUDCAD:20260723T203332.951466Z:ec1483e24d316d40,AUDCAD,SELL,2026-07-23T20:33:32.951466+00:00,2026-07-23T20:37:32.914917+00:00,3,False,1,MICROBOOST_WATCH,LEGACY_EPISODE,False,5scr.legacy-m15-gap.v1,NOT_EVALUATED_CLOSED_CANDLES_REQUIRED
RAW_REPLAY,legacy:NZDCAD:20260723T203346.547430Z:3297acd6315e7be2,NZDCAD,SELL,2026-07-23T20:33:46.547430+00:00,2026-07-23T20:35:08.785720+00:00,2,False,1,MICROBOOST_WATCH,LEGACY_EPISODE,False,5scr.legacy-m15-gap.v1,NOT_EVALUATED_CLOSED_CANDLES_REQUIRED
RAW_REPLAY,USDJPY_20260723T203052Z_20260723T203552Z,USDJPY,BUY,2026-07-23T20:36:00.419871+00:00,2026-07-23T20:46:17.526708+00:00,8,False,1,MICROBOOST_WATCH,SOURCE_CLEAN_BLOCK_ID,True,,NOT_EVALUATED_CLOSED_CANDLES_REQUIRED
RAW_REPLAY,GBPJPY_20260723T203054Z_20260723T203554Z,GBPJPY,BUY,2026-07-23T20:36:01.298828+00:00,2026-07-23T20:46:32.078804+00:00,8,False,1,MICROBOOST_WATCH,SOURCE_CLEAN_BLOCK_ID,True,,NOT_EVALUATED_CLOSED_CANDLES_REQUIRED
RAW_REPLAY,USDCAD_20260723T203053Z_20260723T203553Z,USDCAD,SELL,2026-07-23T20:36:04.944128+00:00,2026-07-23T20:44:40.200845+00:00,7,False,1,MICROBOOST_WATCH,SOURCE_CLEAN_BLOCK_ID,True,,NOT_EVALUATED_CLOSED_CANDLES_REQUIRED
RAW_REPLAY,EURCAD_20260723T203054Z_20260723T203554Z,EURCAD,SELL,2026-07-23T20:36:06.748914+00:00,2026-07-23T20:46:29.149074+00:00,8,False,1,MICROBOOST_WATCH,SOURCE_CLEAN_BLOCK_ID,True,,NOT_EVALUATED_CLOSED_CANDLES_REQUIRED
RAW_REPLAY,USDCHF_20260723T203053Z_20260723T203553Z,USDCHF,BUY,2026-07-23T20:36:14.651749+00:00,2026-07-23T20:47:30.526928+00:00,8,False,1,MICROBOOST_WATCH,SOURCE_CLEAN_BLOCK_ID,True,,NOT_EVALUATED_CLOSED_CANDLES_REQUIRED
RAW_REPLAY,EURJPY_20260723T203053Z_20260723T203553Z,EURJPY,BUY,2026-07-23T20:36:17.541242+00:00,2026-07-23T20:46:59.064536+00:00,8,False,1,MICROBOOST_WATCH,SOURCE_CLEAN_BLOCK_ID,True,,NOT_EVALUATED_CLOSED_CANDLES_REQUIRED
RAW_REPLAY,EURCHF_20260723T203053Z_20260723T203553Z,EURCHF,BUY,2026-07-23T20:36:18.363114+00:00,2026-07-23T20:47:00.488359+00:00,8,False,1,MICROBOOST_WATCH,SOURCE_CLEAN_BLOCK_ID,True,,NOT_EVALUATED_CLOSED_CANDLES_REQUIRED
RAW_REPLAY,GBPAUD_20260723T203054Z_20260723T203554Z,GBPAUD,SELL,2026-07-23T20:36:21.006554+00:00,2026-07-23T20:47:07.539296+00:00,8,False,1,MICROBOOST_WATCH,SOURCE_CLEAN_BLOCK_ID,True,,NOT_EVALUATED_CLOSED_CANDLES_REQUIRED
RAW_REPLAY,GBPCAD_20260723T203054Z_20260723T203554Z,GBPCAD,SELL,2026-07-23T20:36:21.466899+00:00,2026-07-23T20:47:08.949417+00:00,8,False,1,MICROBOOST_WATCH,SOURCE_CLEAN_BLOCK_ID,True,,NOT_EVALUATED_CLOSED_CANDLES_REQUIRED
RAW_REPLAY,CADJPY_20260723T203055Z_20260723T203555Z,CADJPY,BUY,2026-07-23T20:36:25.517129+00:00,2026-07-23T20:47:18.147769+00:00,8,False,1,MICROBOOST_WATCH,SOURCE_CLEAN_BLOCK_ID,True,,NOT_EVALUATED_CLOSED_CANDLES_REQUIRED
RAW_REPLAY,CHFJPY_20260723T203056Z_20260723T203556Z,CHFJPY,BUY,2026-07-23T20:36:26.840482+00:00,2026-07-23T20:47:23.174650+00:00,8,False,1,MICROBOOST_WATCH,SOURCE_CLEAN_BLOCK_ID,True,,NOT_EVALUATED_CLOSED_CANDLES_REQUIRED
RAW_REPLAY,XAGUSD_20260723T203056Z_20260723T203556Z,XAGUSD,SELL,2026-07-23T20:36:27.718956+00:00,2026-07-23T20:47:23.997190+00:00,8,False,1,MICROBOOST_WATCH,SOURCE_CLEAN_BLOCK_ID,True,,NOT_EVALUATED_CLOSED_CANDLES_REQUIRED
RAW_REPLAY,EURUSD_20260723T203053Z_20260723T203553Z,EURUSD,SELL,2026-07-23T20:36:28.559803+00:00,2026-07-23T20:47:27.605485+00:00,8,False,1,MICROBOOST_WATCH,SOURCE_CLEAN_BLOCK_ID,True,,NOT_EVALUATED_CLOSED_CANDLES_REQUIRED
RAW_REPLAY,GBPUSD_20260723T203052Z_20260723T203552Z,GBPUSD,SELL,2026-07-23T20:36:29.236024+00:00,2026-07-23T20:46:50.276695+00:00,8,False,1,MICROBOOST_WATCH,SOURCE_CLEAN_BLOCK_ID,True,,NOT_EVALUATED_CLOSED_CANDLES_REQUIRED
RAW_REPLAY,EURGBP_20260723T203053Z_20260723T203553Z,EURGBP,BUY,2026-07-23T20:36:30.788354+00:00,2026-07-23T20:47:33.727136+00:00,8,False,1,MICROBOOST_WATCH,SOURCE_CLEAN_BLOCK_ID,True,,NOT_EVALUATED_CLOSED_CANDLES_REQUIRED
RAW_REPLAY,EURNZD_20260723T203054Z_20260723T203554Z,EURNZD,BUY,2026-07-23T20:36:35.070870+00:00,2026-07-23T20:45:54.188053+00:00,7,False,1,MICROBOOST_WATCH,SOURCE_CLEAN_BLOCK_ID,True,,NOT_EVALUATED_CLOSED_CANDLES_REQUIRED
RAW_REPLAY,GBPNZD_20260723T203054Z_20260723T203554Z,GBPNZD,BUY,2026-07-23T20:36:37.520243+00:00,2026-07-23T20:46:00.283385+00:00,7,False,1,MICROBOOST_WATCH,SOURCE_CLEAN_BLOCK_ID,True,,NOT_EVALUATED_CLOSED_CANDLES_REQUIRED
RAW_REPLAY,AUDJPY_20260723T203055Z_20260723T203555Z,AUDJPY,BUY,2026-07-23T20:36:38.525110+00:00,2026-07-23T20:46:01.857877+00:00,7,False,1,MICROBOOST_WATCH,SOURCE_CLEAN_BLOCK_ID,True,,NOT_EVALUATED_CLOSED_CANDLES_REQUIRED
RAW_REPLAY,CADCHF_20260723T203056Z_20260723T203556Z,CADCHF,BUY,2026-07-23T20:36:58.348126+00:00,2026-07-23T20:47:18.897524+00:00,8,False,1,MICROBOOST_WATCH,SOURCE_CLEAN_BLOCK_ID,True,,NOT_EVALUATED_CLOSED_CANDLES_REQUIRED
RAW_REPLAY,AUDCHF_20260723T203055Z_20260723T203555Z,AUDCHF,BUY,2026-07-23T20:37:14.794090+00:00,2026-07-23T20:44:25.969316+00:00,6,False,1,MICROBOOST_WATCH,SOURCE_CLEAN_BLOCK_ID,True,,NOT_EVALUATED_CLOSED_CANDLES_REQUIRED
RAW_REPLAY,NZDCAD_20260723T203055Z_20260723T203555Z,NZDCAD,SELL,2026-07-23T20:37:16.282610+00:00,2026-07-23T20:46:07.695306+00:00,7,False,1,MICROBOOST_WATCH,SOURCE_CLEAN_BLOCK_ID,True,,NOT_EVALUATED_CLOSED_CANDLES_REQUIRED
RAW_REPLAY,AUDCAD_20260723T203332Z_20260723T203832Z,AUDCAD,SELL,2026-07-23T20:38:57.483428+00:00,2026-07-23T20:46:39.236044+00:00,6,False,1,MICROBOOST_WATCH,SOURCE_CLEAN_BLOCK_ID,True,,NOT_EVALUATED_CLOSED_CANDLES_REQUIRED
RAW_REPLAY,legacy:NZDUSD:20260723T204511.950571Z:a9b820b17d83452b,NZDUSD,SELL,2026-07-23T20:45:11.950571+00:00,2026-07-23T20:46:57.328638+00:00,2,False,1,MICROBOOST_WATCH,LEGACY_EPISODE,False,5scr.legacy-m15-gap.v1,NOT_EVALUATED_CLOSED_CANDLES_REQUIRED
RAW_REPLAY,legacy:AUDCHF:20260723T212135.283348Z:cebc42028ccfac05,AUDCHF,BUY,2026-07-23T21:21:35.283348+00:00,2026-07-23T21:25:03.155537+00:00,3,False,3,MICROBOOST_WATCH,LEGACY_EPISODE,False,5scr.legacy-m15-gap.v1,NOT_EVALUATED_CLOSED_CANDLES_REQUIRED
RAW_REPLAY,legacy:CADJPY:20260723T212141.318958Z:28281fa83a4329ab,CADJPY,BUY,2026-07-23T21:21:41.318958+00:00,2026-07-23T21:25:26.273664+00:00,3,False,3,MICROBOOST_WATCH,LEGACY_EPISODE,False,5scr.legacy-m15-gap.v1,NOT_EVALUATED_CLOSED_CANDLES_REQUIRED
RAW_REPLAY,legacy:CADCHF:20260723T212141.806753Z:3dcdd616df142969,CADCHF,BUY,2026-07-23T21:21:41.806753+00:00,2026-07-23T21:21:41.806753+00:00,1,True,3,PRESSURE_CANARY,LEGACY_EPISODE,False,5scr.legacy-m15-gap.v1,NOT_EVALUATED_CLOSED_CANDLES_REQUIRED
RAW_REPLAY,legacy:CHFJPY:20260723T212142.314845Z:89bdc6ca20ddba96,CHFJPY,BUY,2026-07-23T21:21:42.314845+00:00,2026-07-23T21:24:14.643218+00:00,3,False,1,MICROBOOST_WATCH,LEGACY_EPISODE,False,5scr.legacy-m15-gap.v1,NOT_EVALUATED_CLOSED_CANDLES_REQUIRED
RAW_REPLAY,legacy:XAGUSD:20260723T212144.391188Z:0f74155efef5b71f,XAGUSD,SELL,2026-07-23T21:21:44.391188+00:00,2026-07-23T21:23:00.567344+00:00,2,False,1,MICROBOOST_WATCH,LEGACY_EPISODE,False,5scr.legacy-m15-gap.v1,NOT_EVALUATED_CLOSED_CANDLES_REQUIRED
RAW_REPLAY,legacy:XAUUSD:20260723T212146.290624Z:729059257111ee9f,XAUUSD,SELL,2026-07-23T21:21:46.290624+00:00,2026-07-23T21:21:46.290624+00:00,1,False,1,MICROBOOST_WATCH,LEGACY_EPISODE,False,5scr.legacy-m15-gap.v1,NOT_EVALUATED_CLOSED_CANDLES_REQUIRED
RAW_REPLAY,legacy:USDJPY:20260723T212149.009572Z:013126521f1ad451,USDJPY,BUY,2026-07-23T21:21:49.009572+00:00,2026-07-23T21:25:10.957128+00:00,3,False,1,MICROBOOST_WATCH,LEGACY_EPISODE,False,5scr.legacy-m15-gap.v1,NOT_EVALUATED_CLOSED_CANDLES_REQUIRED
RAW_REPLAY,legacy:USDCAD:20260723T212200.206572Z:bb78a9de24cb227a,USDCAD,SELL,2026-07-23T21:22:00.206572+00:00,2026-07-23T21:24:29.073189+00:00,2,False,1,MICROBOOST_WATCH,LEGACY_EPISODE,False,5scr.legacy-m15-gap.v1,NOT_EVALUATED_CLOSED_CANDLES_REQUIRED
RAW_REPLAY,legacy:EURGBP:20260723T212213.159418Z:18f24d793d711fe5,EURGBP,BUY,2026-07-23T21:22:13.159418+00:00,2026-07-23T21:24:42.450748+00:00,2,False,1,MICROBOOST_WATCH,LEGACY_EPISODE,False,5scr.legacy-m15-gap.v1,NOT_EVALUATED_CLOSED_CANDLES_REQUIRED
RAW_REPLAY,legacy:EURJPY:20260723T212216.409388Z:6a73ce6f02f0047d,EURJPY,BUY,2026-07-23T21:22:16.409388+00:00,2026-07-23T21:24:03.289365+00:00,2,False,1,MICROBOOST_WATCH,LEGACY_EPISODE,False,5scr.legacy-m15-gap.v1,NOT_EVALUATED_CLOSED_CANDLES_REQUIRED
RAW_REPLAY,legacy:EURCHF:20260723T212219.750912Z:8aab483c24c2c625,EURCHF,BUY,2026-07-23T21:22:19.750912+00:00,2026-07-23T21:24:03.073883+00:00,2,False,1,MICROBOOST_WATCH,LEGACY_EPISODE,False,5scr.legacy-m15-gap.v1,NOT_EVALUATED_CLOSED_CANDLES_REQUIRED
RAW_REPLAY,legacy:EURUSD:20260723T212223.395266Z:81858b27511a6ce2,EURUSD,SELL,2026-07-23T21:22:23.395266+00:00,2026-07-23T21:25:01.989513+00:00,2,False,1,MICROBOOST_WATCH,LEGACY_EPISODE,False,5scr.legacy-m15-gap.v1,NOT_EVALUATED_CLOSED_CANDLES_REQUIRED
RAW_REPLAY,legacy:GBPUSD:20260723T212223.903086Z:b6bbfef0e08afd63,GBPUSD,SELL,2026-07-23T21:22:23.903086+00:00,2026-07-23T21:24:08.108699+00:00,2,False,1,MICROBOOST_WATCH,LEGACY_EPISODE,False,5scr.legacy-m15-gap.v1,NOT_EVALUATED_CLOSED_CANDLES_REQUIRED
RAW_REPLAY,legacy:USDCHF:20260723T212227.626609Z:58457b0dd4ffed72,USDCHF,BUY,2026-07-23T21:22:27.626609+00:00,2026-07-23T21:24:57.970138+00:00,3,True,4,MICROBOOST_WATCH,LEGACY_EPISODE,False,5scr.legacy-m15-gap.v1,NOT_EVALUATED_CLOSED_CANDLES_REQUIRED
RAW_REPLAY,legacy:EURCAD:20260723T212234.381559Z:bc261bb65cf369b3,EURCAD,SELL,2026-07-23T21:22:34.381559+00:00,2026-07-23T21:24:28.842450+00:00,2,False,1,MICROBOOST_WATCH,LEGACY_EPISODE,False,5scr.legacy-m15-gap.v1,NOT_EVALUATED_CLOSED_CANDLES_REQUIRED
RAW_REPLAY,legacy:EURNZD:20260723T212238.442919Z:7c723191a8d28fd3,EURNZD,BUY,2026-07-23T21:22:38.442919+00:00,2026-07-23T21:24:01.654252+00:00,2,False,1,MICROBOOST_WATCH,LEGACY_EPISODE,False,5scr.legacy-m15-gap.v1,NOT_EVALUATED_CLOSED_CANDLES_REQUIRED
RAW_REPLAY,legacy:GBPJPY:20260723T212239.426208Z:40ed2971b5bd97dc,GBPJPY,BUY,2026-07-23T21:22:39.426208+00:00,2026-07-23T21:24:00.593083+00:00,2,False,1,MICROBOOST_WATCH,LEGACY_EPISODE,False,5scr.legacy-m15-gap.v1,NOT_EVALUATED_CLOSED_CANDLES_REQUIRED
RAW_REPLAY,legacy:GBPAUD:20260723T212242.438859Z:c9198d2a5d586d46,GBPAUD,SELL,2026-07-23T21:22:42.438859+00:00,2026-07-23T21:24:04.964629+00:00,2,False,1,MICROBOOST_WATCH,LEGACY_EPISODE,False,5scr.legacy-m15-gap.v1,NOT_EVALUATED_CLOSED_CANDLES_REQUIRED
RAW_REPLAY,legacy:GBPCAD:20260723T212243.458779Z:f36a832decc06b23,GBPCAD,SELL,2026-07-23T21:22:43.458779+00:00,2026-07-23T21:22:43.458779+00:00,1,False,1,MICROBOOST_WATCH,LEGACY_EPISODE,False,5scr.legacy-m15-gap.v1,NOT_EVALUATED_CLOSED_CANDLES_REQUIRED
RAW_REPLAY,legacy:GBPNZD:20260723T212245.021753Z:af211012e47830e4,GBPNZD,BUY,2026-07-23T21:22:45.021753+00:00,2026-07-23T21:24:02.168831+00:00,2,False,1,MICROBOOST_WATCH,LEGACY_EPISODE,False,5scr.legacy-m15-gap.v1,NOT_EVALUATED_CLOSED_CANDLES_REQUIRED
RAW_REPLAY,legacy:AUDJPY:20260723T212246.018712Z:a7592ebfc24b480b,AUDJPY,BUY,2026-07-23T21:22:46.018712+00:00,2026-07-23T21:24:03.372604+00:00,2,False,1,MICROBOOST_WATCH,LEGACY_EPISODE,False,5scr.legacy-m15-gap.v1,NOT_EVALUATED_CLOSED_CANDLES_REQUIRED
RAW_REPLAY,legacy:AUDNZD:20260723T212247.463368Z:e56b51e074883e3c,AUDNZD,BUY,2026-07-23T21:22:47.463368+00:00,2026-07-23T21:34:15.135133+00:00,5,True,3,PRESSURE_CANARY,LEGACY_EPISODE,False,5scr.legacy-m15-gap.v1,NOT_EVALUATED_CLOSED_CANDLES_REQUIRED
RAW_REPLAY,legacy:AUDCAD:20260723T212249.035323Z:6ab777273080b454,AUDCAD,SELL,2026-07-23T21:22:49.035323+00:00,2026-07-23T21:24:04.555633+00:00,2,False,1,MICROBOOST_WATCH,LEGACY_EPISODE,False,5scr.legacy-m15-gap.v1,NOT_EVALUATED_CLOSED_CANDLES_REQUIRED
RAW_REPLAY,legacy:NZDCAD:20260723T212254.031869Z:0da6b7548527b601,NZDCAD,SELL,2026-07-23T21:22:54.031869+00:00,2026-07-23T21:25:01.166547+00:00,2,False,1,MICROBOOST_WATCH,LEGACY_EPISODE,False,5scr.legacy-m15-gap.v1,NOT_EVALUATED_CLOSED_CANDLES_REQUIRED
RAW_REPLAY,EURCAD_20260723T212055Z_20260723T212555Z,EURCAD,SELL,2026-07-23T21:26:00.539093+00:00,2026-07-23T21:28:49.585818+00:00,3,False,1,MICROBOOST_WATCH,SOURCE_CLEAN_BLOCK_ID,True,,NOT_EVALUATED_CLOSED_CANDLES_REQUIRED
RAW_REPLAY,USDCAD_20260723T212055Z_20260723T212555Z,USDCAD,SELL,2026-07-23T21:26:00.902630+00:00,2026-07-23T21:28:45.556555+00:00,3,False,1,MICROBOOST_WATCH,SOURCE_CLEAN_BLOCK_ID,True,,NOT_EVALUATED_CLOSED_CANDLES_REQUIRED
RAW_REPLAY,AUDCAD_20260723T212056Z_20260723T212556Z,AUDCAD,SELL,2026-07-23T21:26:01.622843+00:00,2026-07-23T21:28:55.678706+00:00,3,False,1,MICROBOOST_WATCH,SOURCE_CLEAN_BLOCK_ID,True,,NOT_EVALUATED_CLOSED_CANDLES_REQUIRED
RAW_REPLAY,GBPNZD_20260723T212056Z_20260723T212556Z,GBPNZD,BUY,2026-07-23T21:26:02.995483+00:00,2026-07-23T21:28:53.057472+00:00,3,False,1,MICROBOOST_WATCH,SOURCE_CLEAN_BLOCK_ID,True,,NOT_EVALUATED_CLOSED_CANDLES_REQUIRED
RAW_REPLAY,GBPAUD_20260723T212056Z_20260723T212556Z,GBPAUD,SELL,2026-07-23T21:26:09.656232+00:00,2026-07-23T21:28:52.221042+00:00,3,False,1,MICROBOOST_WATCH,SOURCE_CLEAN_BLOCK_ID,True,,NOT_EVALUATED_CLOSED_CANDLES_REQUIRED
RAW_REPLAY,AUDJPY_20260723T212056Z_20260723T212556Z,AUDJPY,BUY,2026-07-23T21:26:11.210851+00:00,2026-07-23T21:28:53.971309+00:00,3,False,1,MICROBOOST_WATCH,SOURCE_CLEAN_BLOCK_ID,True,,NOT_EVALUATED_CLOSED_CANDLES_REQUIRED
RAW_REPLAY,EURJPY_20260723T212055Z_20260723T212555Z,EURJPY,BUY,2026-07-23T21:26:13.119222+00:00,2026-07-23T21:28:47.484885+00:00,3,False,1,MICROBOOST_WATCH,SOURCE_CLEAN_BLOCK_ID,True,,NOT_EVALUATED_CLOSED_CANDLES_REQUIRED
RAW_REPLAY,EURNZD_20260723T212055Z_20260723T212555Z,EURNZD,BUY,2026-07-23T21:26:15.011934+00:00,2026-07-23T21:28:50.431552+00:00,3,False,1,MICROBOOST_WATCH,SOURCE_CLEAN_BLOCK_ID,True,,NOT_EVALUATED_CLOSED_CANDLES_REQUIRED
RAW_REPLAY,GBPJPY_20260723T212055Z_20260723T212555Z,GBPJPY,BUY,2026-07-23T21:26:15.497907+00:00,2026-07-23T21:28:51.313282+00:00,3,False,1,MICROBOOST_WATCH,SOURCE_CLEAN_BLOCK_ID,True,,NOT_EVALUATED_CLOSED_CANDLES_REQUIRED
RAW_REPLAY,AUDNZD_20260723T212056Z_20260723T212556Z,AUDNZD,BUY,2026-07-23T21:26:17.713394+00:00,2026-07-23T21:28:54.728753+00:00,3,False,1,MICROBOOST_WATCH,SOURCE_CLEAN_BLOCK_ID,True,,NOT_EVALUATED_CLOSED_CANDLES_REQUIRED
RAW_REPLAY,AUDCHF_20260723T212056Z_20260723T212556Z,AUDCHF,BUY,2026-07-23T21:26:18.870337+00:00,2026-07-23T21:28:56.509291+00:00,3,False,1,MICROBOOST_WATCH,SOURCE_CLEAN_BLOCK_ID,True,,NOT_EVALUATED_CLOSED_CANDLES_REQUIRED
RAW_REPLAY,NZDCAD_20260723T212057Z_20260723T212557Z,NZDCAD,SELL,2026-07-23T21:26:19.411348+00:00,2026-07-23T21:28:57.559287+00:00,3,False,1,MICROBOOST_WATCH,SOURCE_CLEAN_BLOCK_ID,True,,NOT_EVALUATED_CLOSED_CANDLES_REQUIRED
RAW_REPLAY,GBPUSD_20260723T212054Z_20260723T212554Z,GBPUSD,SELL,2026-07-23T21:26:20.295154+00:00,2026-07-23T21:29:01.289027+00:00,3,False,1,MICROBOOST_WATCH,SOURCE_CLEAN_BLOCK_ID,True,,NOT_EVALUATED_CLOSED_CANDLES_REQUIRED
RAW_REPLAY,EURGBP_20260723T212055Z_20260723T212555Z,EURGBP,BUY,2026-07-23T21:26:20.490619+00:00,2026-07-23T21:29:06.460761+00:00,3,False,1,MICROBOOST_WATCH,SOURCE_CLEAN_BLOCK_ID,True,,NOT_EVALUATED_CLOSED_CANDLES_REQUIRED
RAW_REPLAY,EURCHF_20260723T212055Z_20260723T212555Z,EURCHF,BUY,2026-07-23T21:27:08.826014+00:00,2026-07-23T21:28:31.994460+00:00,2,False,1,MICROBOOST_WATCH,SOURCE_CLEAN_BLOCK_ID,True,,NOT_EVALUATED_CLOSED_CANDLES_REQUIRED
RAW_REPLAY,CHFJPY_20260723T212057Z_20260723T212557Z,CHFJPY,BUY,2026-07-23T21:27:15.659880+00:00,2026-07-23T21:28:40.843738+00:00,2,False,1,MICROBOOST_WATCH,SOURCE_CLEAN_BLOCK_ID,True,,NOT_EVALUATED_CLOSED_CANDLES_REQUIRED
RAW_REPLAY,USDCHF_20260723T212054Z_20260723T212554Z,USDCHF,BUY,2026-07-23T21:27:17.871808+00:00,2026-07-23T21:28:42.897851+00:00,2,False,1,MICROBOOST_WATCH,SOURCE_CLEAN_BLOCK_ID,True,,NOT_EVALUATED_CLOSED_CANDLES_REQUIRED
RAW_REPLAY,GBPCAD_20260723T212056Z_20260723T212556Z,GBPCAD,SELL,2026-07-23T21:27:35.995129+00:00,2026-07-23T21:27:35.995129+00:00,1,False,1,MICROBOOST_WATCH,SOURCE_CLEAN_BLOCK_ID,True,,NOT_EVALUATED_CLOSED_CANDLES_REQUIRED
RAW_REPLAY,CADCHF_20260723T212057Z_20260723T212557Z,CADCHF,BUY,2026-07-23T21:27:41.122075+00:00,2026-07-23T21:28:59.294980+00:00,2,False,1,MICROBOOST_WATCH,SOURCE_CLEAN_BLOCK_ID,True,,NOT_EVALUATED_CLOSED_CANDLES_REQUIRED
RAW_REPLAY,USDJPY_20260723T212054Z_20260723T212554Z,USDJPY,BUY,2026-07-23T21:28:10.293601+00:00,2026-07-23T21:28:10.293601+00:00,1,False,1,MICROBOOST_WATCH,SOURCE_CLEAN_BLOCK_ID,True,,NOT_EVALUATED_CLOSED_CANDLES_REQUIRED
RAW_REPLAY,EURUSD_20260723T212054Z_20260723T212554Z,EURUSD,SELL,2026-07-23T21:28:10.434532+00:00,2026-07-23T21:28:10.434532+00:00,1,False,1,MICROBOOST_WATCH,SOURCE_CLEAN_BLOCK_ID,True,,NOT_EVALUATED_CLOSED_CANDLES_REQUIRED
RAW_REPLAY,CADJPY_20260723T212057Z_20260723T212557Z,CADJPY,BUY,2026-07-23T21:28:58.424557+00:00,2026-07-23T21:28:58.424557+00:00,1,False,1,MICROBOOST_WATCH,SOURCE_CLEAN_BLOCK_ID,True,,NOT_EVALUATED_CLOSED_CANDLES_REQUIRED
RADAR_CANONICAL,CHFJPY_20260717T130046Z_20260717T130546Z,CHFJPY,BUY,2026-07-17T13:00:52.074389+00:00,2026-07-17T13:06:01.029315+00:00,1,True,3,PRESSURE_CANARY,SOURCE_CLEAN_BLOCK_ID,True,,NOT_EVALUATED_CLOSED_CANDLES_REQUIRED
RADAR_CANONICAL,AUDUSD_20260720T065123Z_20260720T065623Z,AUDUSD,BUY,2026-07-20T06:51:23.937946+00:00,2026-07-20T06:57:43.910325+00:00,1,True,3,PRESSURE_CANARY,SOURCE_CLEAN_BLOCK_ID,True,,NOT_EVALUATED_CLOSED_CANDLES_REQUIRED
RADAR_CANONICAL,EURGBP_20260720T065125Z_20260720T065625Z,EURGBP,SELL,2026-07-20T06:51:26.236846+00:00,2026-07-20T06:57:45.253223+00:00,1,True,3,PRESSURE_CANARY,SOURCE_CLEAN_BLOCK_ID,True,,NOT_EVALUATED_CLOSED_CANDLES_REQUIRED
RADAR_CANONICAL,NZDUSD_20260720T065044Z_20260720T065544Z,NZDUSD,BUY,2026-07-20T06:51:26.930659+00:00,2026-07-20T06:56:24.098206+00:00,1,True,3,PRESSURE_CANARY,SOURCE_CLEAN_BLOCK_ID,True,,NOT_EVALUATED_CLOSED_CANDLES_REQUIRED
RADAR_CANONICAL,EURAUD_20260720T065129Z_20260720T065629Z,EURAUD,SELL,2026-07-20T06:51:30.561597+00:00,2026-07-20T06:57:32.626785+00:00,1,True,3,PRESSURE_CANARY,SOURCE_CLEAN_BLOCK_ID,True,,NOT_EVALUATED_CLOSED_CANDLES_REQUIRED
RADAR_CANONICAL,GBPJPY_20260720T065132Z_20260720T065632Z,GBPJPY,BUY,2026-07-20T06:51:33.608484+00:00,2026-07-20T06:57:34.274720+00:00,1,True,3,PRESSURE_CANARY,SOURCE_CLEAN_BLOCK_ID,True,,NOT_EVALUATED_CLOSED_CANDLES_REQUIRED
RADAR_CANONICAL,GBPNZD_20260720T065135Z_20260720T065635Z,GBPNZD,SELL,2026-07-20T06:51:37.344223+00:00,2026-07-20T06:57:49.537941+00:00,1,True,3,PRESSURE_CANARY,SOURCE_CLEAN_BLOCK_ID,True,,NOT_EVALUATED_CLOSED_CANDLES_REQUIRED
RADAR_CANONICAL,AUDJPY_20260720T065137Z_20260720T065637Z,AUDJPY,BUY,2026-07-20T06:51:39.586981+00:00,2026-07-20T06:57:36.390959+00:00,1,True,3,PRESSURE_CANARY,SOURCE_CLEAN_BLOCK_ID,True,,NOT_EVALUATED_CLOSED_CANDLES_REQUIRED
RADAR_CANONICAL,AUDCHF_20260720T065140Z_20260720T065640Z,AUDCHF,BUY,2026-07-20T06:51:42.343230+00:00,2026-07-20T06:57:37.776696+00:00,1,True,3,PRESSURE_CANARY,SOURCE_CLEAN_BLOCK_ID,True,,NOT_EVALUATED_CLOSED_CANDLES_REQUIRED
RADAR_CANONICAL,NZDJPY_20260720T065141Z_20260720T065641Z,NZDJPY,BUY,2026-07-20T06:51:42.781436+00:00,2026-07-20T06:57:38.572186+00:00,1,True,3,PRESSURE_CANARY,SOURCE_CLEAN_BLOCK_ID,True,,NOT_EVALUATED_CLOSED_CANDLES_REQUIRED
RADAR_CANONICAL,NZDCHF_20260720T065141Z_20260720T065641Z,NZDCHF,BUY,2026-07-20T06:51:43.297763+00:00,2026-07-20T06:59:56.468541+00:00,1,True,3,PRESSURE_CANARY,SOURCE_CLEAN_BLOCK_ID,True,,NOT_EVALUATED_CLOSED_CANDLES_REQUIRED
RADAR_CANONICAL,GBPNZD_20260723T110009Z_20260723T110509Z,GBPNZD,BUY,2026-07-23T11:00:20.429670+00:00,2026-07-23T11:05:38.096954+00:00,1,True,3,PRESSURE_CANARY,SOURCE_CLEAN_BLOCK_ID,True,,NOT_EVALUATED_CLOSED_CANDLES_REQUIRED
RADAR_CANONICAL,AUDCHF_20260723T212056Z_20260723T212556Z,AUDCHF,BUY,2026-07-23T21:21:35.283348+00:00,2026-07-23T21:26:19.290957+00:00,1,True,3,PRESSURE_CANARY,SOURCE_CLEAN_BLOCK_ID,True,,NOT_EVALUATED_CLOSED_CANDLES_REQUIRED
RADAR_CANONICAL,CADJPY_20260723T212057Z_20260723T212557Z,CADJPY,BUY,2026-07-23T21:21:41.318958+00:00,2026-07-23T21:28:59.221295+00:00,1,True,3,PRESSURE_CANARY,SOURCE_CLEAN_BLOCK_ID,True,,NOT_EVALUATED_CLOSED_CANDLES_REQUIRED
RADAR_CANONICAL,USDCHF_20260723T212054Z_20260723T212554Z,USDCHF,BUY,2026-07-23T21:22:29.678512+00:00,2026-07-23T21:27:18.399830+00:00,1,True,4,MICROBOOST_WATCH,SOURCE_CLEAN_BLOCK_ID,True,,NOT_EVALUATED_CLOSED_CANDLES_REQUIRED
